Id,ActivityDay,StepTotal
21101,2/28/2023,3565
21101,3/1/2023,5015
21101,3/2/2023,7811
21101,3/3/2023,9620
21101,3/4/2023,12384
21101,3/5/2023,7735
21101,3/6/2023,5519
21101,3/7/2023,5272
21101,3/8/2023,6937
21101,3/9/2023,20724
21101,3/10/2023,21117
21101,3/11/2023,12544
21101,3/12/2023,18061
21101,3/13/2023,7454
21101,3/14/2023,10128
21101,3/15/2023,7003
21101,3/16/2023,10366
21101,3/17/2023,7443
21101,3/18/2023,9902
21101,3/19/2023,5258
21101,3/20/2023,5908
21101,3/21/2023,6859
21101,3/22/2023,2609
21102,2/28/2023,2730
21102,3/1/2023,9875
21102,3/2/2023,12945
21102,3/3/2023,14375
21102,3/4/2023,0
21102,3/5/2023,16
21102,3/6/2023,0
21102,3/7/2023,10485
21102,3/8/2023,6994
21102,3/9/2023,0
21102,3/10/2023,0
21102,3/11/2023,0
21103,2/28/2023,1600
21103,3/1/2023,3568
21103,3/2/2023,4744
21103,3/3/2023,6311
21103,3/4/2023,7749
21103,3/5/2023,5750
21103,3/6/2023,7535
21103,3/7/2023,6341
21103,3/8/2023,13124
21103,3/9/2023,6635
21103,3/10/2023,8230
21103,3/11/2023,9512
21103,3/12/2023,4878
21103,3/13/2023,7847
21103,3/14/2023,8088
21103,3/15/2023,6626
21103,3/16/2023,7763
21103,3/17/2023,6155
21103,3/18/2023,5365
21103,3/19/2023,24
21103,3/20/2023,9472
21103,3/21/2023,8864
21103,3/22/2023,2826
21104,2/28/2023,0
21104,3/1/2023,5622
21104,3/2/2023,5404
21104,3/3/2023,6015
21104,3/4/2023,4516
21104,3/5/2023,7748
21104,3/6/2023,6241
21104,3/7/2023,5457
21104,3/8/2023,6238
21104,3/9/2023,4611
21104,3/10/2023,2046
21104,3/11/2023,7473
21104,3/12/2023,3869
21104,3/13/2023,6631
21104,3/14/2023,5476
21104,3/15/2023,5987
21104,3/16/2023,5430
21104,3/17/2023,5806
21104,3/18/2023,4976
21104,3/19/2023,8382
21104,3/20/2023,4096
21111,2/28/2023,17140
21111,3/1/2023,10220
21111,3/2/2023,1718
21111,3/3/2023,7947
21111,3/4/2023,4414
21111,3/5/2023,4696
21111,3/6/2023,6211
21111,3/7/2023,9123
21111,3/8/2023,5628
21111,3/9/2023,5895
21111,3/10/2023,11603
21111,3/11/2023,6856
21111,3/12/2023,8542
21111,3/13/2023,8754
21111,3/14/2023,7722
21111,3/15/2023,10968
21111,3/16/2023,6622
21111,3/17/2023,12811
21111,3/18/2023,2679
21111,3/19/2023,5445
21111,3/20/2023,5678
21111,3/21/2023,7427
21111,3/22/2023,5281
21112,2/28/2023,16706
21112,3/1/2023,18966
21112,3/2/2023,5296
21112,3/3/2023,11874
21112,3/4/2023,8753
21112,3/5/2023,6972
21112,3/6/2023,21413
21112,3/7/2023,14039
21112,3/8/2023,10049
21112,3/9/2023,18199
21112,3/10/2023,15452
21112,3/11/2023,13601
21112,3/12/2023,6805
21112,3/13/2023,12622
21112,3/14/2023,13468
21112,3/15/2023,14632
21112,3/16/2023,12542
21112,3/17/2023,9579
21112,3/18/2023,9971
21112,3/19/2023,6300
21112,3/20/2023,10278
21112,3/21/2023,10893
21112,3/22/2023,5252
21113,2/28/2023,12345
21113,3/1/2023,10313
21113,3/2/2023,14104
21113,3/3/2023,3170
21113,3/4/2023,7254
21113,3/5/2023,9076
21113,3/6/2023,8087
21113,3/7/2023,6951
21113,3/8/2023,7853
21113,3/9/2023,7863
21113,3/10/2023,4147
21113,3/11/2023,11621
21113,3/12/2023,15349
21113,3/13/2023,5806
21113,3/14/2023,7165
21113,3/15/2023,6732
21113,3/16/2023,6463
21113,3/17/2023,8690
21113,3/18/2023,3933
21113,3/19/2023,4689
21113,3/20/2023,8848
21113,3/21/2023,8135
21113,3/22/2023,4196
21114,2/28/2023,8113
21114,3/1/2023,7323
21114,3/2/2023,7915
21114,3/3/2023,10714
21114,3/4/2023,11476
21114,3/5/2023,12893
21114,3/6/2023,16345
21114,3/7/2023,14970
21114,3/8/2023,10537
21114,3/9/2023,15378
21114,3/10/2023,15097
21114,3/11/2023,14056
21114,3/12/2023,9053
21114,3/13/2023,6055
21114,3/14/2023,12947
21114,3/15/2023,17407
21114,3/16/2023,8483
21114,3/17/2023,19425
21114,3/18/2023,21021
21114,3/19/2023,10263
21114,3/20/2023,11910
21114,3/21/2023,13804
21114,3/22/2023,7193
21115,2/28/2023,11149
21115,3/1/2023,8866
21115,3/2/2023,6481
21115,3/3/2023,9878
21115,3/4/2023,7946
21115,3/5/2023,8300
21115,3/6/2023,11538
21115,3/7/2023,15844
21115,3/8/2023,11459
21115,3/9/2023,6352
21115,3/10/2023,3296
21115,3/11/2023,3033
21115,3/12/2023,2954
21115,3/13/2023,2447
21115,3/14/2023,0
21115,3/15/2023,4034
21115,3/16/2023,7294
21115,3/17/2023,3969
21115,3/18/2023,5869
21115,3/19/2023,6158
21115,3/20/2023,11843
21115,3/21/2023,12177
21115,3/22/2023,4005
21116,2/28/2023,14001
21116,3/1/2023,11064
21116,3/2/2023,12448
21116,3/3/2023,14828
21116,3/4/2023,5657
21116,3/5/2023,2791
21116,3/6/2023,8589
21116,3/7/2023,8839
21116,3/8/2023,115
21116,3/9/2023,10237
21116,3/10/2023,13474
21116,3/11/2023,2062
21116,3/12/2023,805
21116,3/13/2023,14990
21116,3/14/2023,8517
21116,3/15/2023,4180
21116,3/16/2023,8892
21116,3/17/2023,8983
21116,3/18/2023,27
21116,3/19/2023,0
21116,3/20/2023,7340
21117,2/28/2023,9810
21117,3/1/2023,4798
21117,3/2/2023,7457
21117,3/3/2023,14603
21117,3/4/2023,27
21117,3/5/2023,10249
21117,3/6/2023,9005
21117,3/7/2023,0
21117,3/8/2023,1068
21117,3/9/2023,6366
21117,3/10/2023,12447
21117,3/11/2023,3087
21117,3/12/2023,3224
21117,3/13/2023,2822
21117,3/14/2023,11841
21117,3/15/2023,10226
21117,3/16/2023,11664
21117,3/17/2023,9952
21117,3/18/2023,0
21118,2/28/2023,0
21118,3/1/2023,0
21118,3/2/2023,3735
21118,3/3/2023,9260
21118,3/4/2023,7118
21118,3/5/2023,6069
21118,3/6/2023,9547
21118,3/7/2023,0
21118,3/8/2023,0
21118,3/9/2023,0
21118,3/10/2023,4917
21118,3/11/2023,7604
21118,3/12/2023,2132
21118,3/13/2023,529
21118,3/14/2023,8398
21118,3/15/2023,10726
21118,3/16/2023,14341
21118,3/17/2023,14357
21118,3/18/2023,7756
21118,3/19/2023,4885
21118,3/20/2023,15503
21118,3/21/2023,11488
21118,3/22/2023,6007
21119,2/28/2023,13723
21119,3/1/2023,8577
21119,3/2/2023,14696
21119,3/3/2023,14484
21119,3/4/2023,11334
21119,3/5/2023,7982
21119,3/6/2023,9016
21119,3/7/2023,11019
21119,3/8/2023,10138
21119,3/9/2023,10253
21119,3/10/2023,15168
21119,3/11/2023,11896
21119,3/12/2023,13104
21119,3/13/2023,3540
21119,3/14/2023,10019
21119,3/15/2023,1821
21119,3/16/2023,5810
21119,3/17/2023,8652
21119,3/18/2023,4936
21119,3/19/2023,11418
21119,3/20/2023,4129
21119,3/21/2023,10262
21119,3/22/2023,6127
21120,2/28/2023,9720
21120,3/1/2023,10134
21120,3/2/2023,11768
21120,3/3/2023,13851
21120,3/4/2023,3308
21120,3/5/2023,4653
21120,3/6/2023,9825
21120,3/7/2023,10237
21120,3/8/2023,11841
21120,3/9/2023,8505
21120,3/10/2023,7867
21120,3/11/2023,9262
21120,3/12/2023,3972
21120,3/13/2023,10294
21120,3/14/2023,9991
21120,3/15/2023,9484
21120,3/16/2023,11123
21120,3/17/2023,9123
21120,3/18/2023,9573
21120,3/19/2023,4707
21120,3/20/2023,11055
21120,3/21/2023,12909
21120,3/22/2023,7953
21121,2/28/2023,8669
21121,3/1/2023,12691
21121,3/2/2023,10856
21121,3/3/2023,4051
21121,3/4/2023,0
21121,3/5/2023,0
21121,3/6/2023,8029
21121,3/7/2023,9107
21121,3/8/2023,10331
21121,3/9/2023,10026
21121,3/10/2023,0
21121,3/11/2023,0
21121,3/12/2023,0
21121,3/13/2023,10645
21121,3/14/2023,5220
21121,3/15/2023,12001
21121,3/16/2023,9974
21121,3/17/2023,7860
21122,2/28/2023,6967
21122,3/1/2023,9708
21122,3/2/2023,0
21122,3/3/2023,12983
21122,3/4/2023,0
21122,3/5/2023,0
21122,3/6/2023,7677
21122,3/7/2023,7363
21122,3/8/2023,2508
21122,3/9/2023,0
21122,3/10/2023,6081
21122,3/11/2023,259
21122,3/12/2023,6738
21122,3/13/2023,6634
21122,3/14/2023,8575
21122,3/15/2023,0
21122,3/16/2023,0
21122,3/17/2023,0
21122,3/18/2023,1304
21122,3/19/2023,6396
21122,3/20/2023,9686
21122,3/21/2023,4592
21123,2/28/2023,6217
21123,3/1/2023,5002
21123,3/2/2023,5087
21123,3/3/2023,6616
21123,3/4/2023,9003
21123,3/5/2023,8742
21123,3/6/2023,2976
21123,3/7/2023,5697
21123,3/8/2023,746
21123,3/9/2023,4383
21123,3/10/2023,4762
21123,3/11/2023,6815
21123,3/12/2023,5712
21123,3/13/2023,3581
21123,3/14/2023,8347
21123,3/15/2023,395
21123,3/16/2023,4571
21123,3/17/2023,7362
21123,3/18/2023,5604
21123,3/19/2023,5532
21123,3/20/2023,395
21124,2/28/2023,6897
21124,3/1/2023,7582
21124,3/2/2023,5333
21124,3/3/2023,6575
21124,3/4/2023,7308
21124,3/5/2023,5032
21124,3/6/2023,5849
21124,3/7/2023,5371
21124,3/8/2023,5234
21124,3/9/2023,5260
21124,3/10/2023,4508
21124,3/11/2023,7156
21124,3/12/2023,2001
21124,3/13/2023,280
21124,3/14/2023,8804
21124,3/15/2023,5038
21124,3/16/2023,8068
21124,3/17/2023,7817
21124,3/18/2023,6808
21124,3/19/2023,8547
21124,3/20/2023,5942
21124,3/21/2023,7803
21124,3/22/2023,3462
21125,2/28/2023,8541
21125,3/1/2023,9992
21125,3/2/2023,9820
21125,3/3/2023,9639
21125,3/4/2023,0
21125,3/5/2023,0
21125,3/6/2023,0
21125,3/7/2023,0
21125,3/8/2023,0
21125,3/9/2023,8223
21125,3/10/2023,0
21125,3/11/2023,8221
21125,3/12/2023,0
21125,3/13/2023,8667
21125,3/14/2023,0
21125,3/15/2023,6154
21125,3/16/2023,0
21125,3/17/2023,4861
21201,2/28/2023,5064
21201,3/1/2023,9457
21201,3/2/2023,9500
21201,3/3/2023,6219
21201,3/4/2023,7663
21201,3/5/2023,3406
21201,3/6/2023,10739
21201,3/7/2023,1627
21201,3/8/2023,9637
21201,3/9/2023,9418
21201,3/10/2023,13055
21201,3/11/2023,5584
21201,3/12/2023,5132
21201,3/13/2023,1804
21201,3/14/2023,11391
21201,3/15/2023,5247
21201,3/16/2023,7464
21201,3/17/2023,4386
21201,3/18/2023,5227
21201,3/19/2023,4412
21201,3/20/2023,6945
21201,3/21/2023,9871
21201,3/22/2023,3094
21202,2/28/2023,9292
21202,3/1/2023,6429
21202,3/2/2023,7274
21202,3/3/2023,7938
21202,3/4/2023,8046
21202,3/5/2023,8368
21202,3/6/2023,10304
21202,3/7/2023,9664
21202,3/8/2023,9378
21202,3/9/2023,5950
21202,3/10/2023,8670
21202,3/11/2023,6273
21202,3/12/2023,5083
21202,3/13/2023,5380
21202,3/14/2023,7326
21202,3/15/2023,4361
21202,3/16/2023,5356
21202,3/17/2023,4828
21202,3/18/2023,7598
21202,3/19/2023,7907
21202,3/20/2023,9694
21202,3/21/2023,7464
21202,3/22/2023,1224
21203,2/28/2023,3753
21203,3/1/2023,5830
21203,3/2/2023,4857
21203,3/3/2023,4832
21203,3/4/2023,5046
21203,3/5/2023,3837
21203,3/6/2023,5015
21203,3/7/2023,5626
21203,3/8/2023,4383
21203,3/9/2023,4221
21203,3/10/2023,3923
21203,3/11/2023,1608
21203,3/12/2023,5404
21203,3/13/2023,2993
21203,3/14/2023,2741
21203,3/15/2023,2367
21203,3/16/2023,2246
21203,3/17/2023,3298
21203,3/18/2023,5247
21203,3/19/2023,4338
21203,3/20/2023,4886
21203,3/21/2023,3564
21203,3/22/2023,2810
21205,2/28/2023,9742
21205,3/1/2023,11328
21205,3/2/2023,12447
21205,3/3/2023,8528
21205,3/4/2023,6732
21205,3/5/2023,3030
21205,3/6/2023,6929
21205,3/7/2023,1989
21205,3/8/2023,6973
21205,3/9/2023,3440
21205,3/10/2023,7068
21205,3/11/2023,9738
21205,3/12/2023,10937
21205,3/13/2023,5966
21205,3/14/2023,5137
21205,3/15/2023,5670
21205,3/16/2023,4677
21205,3/17/2023,2052
21205,3/18/2023,2415
21205,3/19/2023,3704
21205,3/20/2023,11100
21205,3/21/2023,11858
21205,3/22/2023,2951
21211,2/28/2023,10778
21211,3/1/2023,9709
21211,3/2/2023,10112
21211,3/3/2023,10537
21211,3/4/2023,5166
21211,3/5/2023,6648
21211,3/6/2023,9472
21211,3/7/2023,7760
21211,3/8/2023,9158
21211,3/9/2023,11112
21211,3/10/2023,11492
21211,3/11/2023,5769
21211,3/12/2023,4529
21211,3/13/2023,3363
21211,3/14/2023,5557
21211,3/15/2023,5352
21211,3/16/2023,4086
21211,3/17/2023,4339
21211,3/18/2023,3436
21211,3/19/2023,4879
21211,3/20/2023,0
21212,2/28/2023,15812
21212,3/1/2023,13877
21212,3/2/2023,17013
21212,3/3/2023,16922
21212,3/4/2023,7816
21212,3/5/2023,11118
21212,3/6/2023,17690
21212,3/7/2023,16671
21212,3/8/2023,16875
21212,3/9/2023,19500
21212,3/10/2023,22471
21212,3/11/2023,15926
21212,3/12/2023,12224
21212,3/13/2023,20117
21212,3/14/2023,10696
21212,3/15/2023,7203
21212,3/16/2023,1916
21212,3/17/2023,9312
21212,3/18/2023,11460
21212,3/19/2023,4636
21212,3/20/2023,13898
21212,3/21/2023,14823
21212,3/22/2023,10184
21213,2/28/2023,11323
21213,3/1/2023,12907
21213,3/2/2023,8797
21213,3/3/2023,13637
21213,3/4/2023,7526
21213,3/5/2023,13156
21213,3/6/2023,10144
21213,3/7/2023,13376
21213,3/8/2023,12576
21213,3/9/2023,15096
21213,3/10/2023,14367
21213,3/11/2023,8078
21213,3/12/2023,12672
21213,3/13/2023,16172
21213,3/14/2023,12978
21213,3/15/2023,15099
21213,3/16/2023,10366
21213,3/17/2023,12619
21213,3/18/2023,5141
21213,3/19/2023,10942
21213,3/20/2023,13949
21213,3/21/2023,16226
21213,3/22/2023,5048
21214,2/28/2023,0
21214,3/1/2023,0
21214,3/2/2023,9604
21214,3/3/2023,7440
21214,3/4/2023,10094
21214,3/5/2023,2565
21214,3/6/2023,5800
21214,3/7/2023,965
21215,2/28/2023,8203
21215,3/1/2023,6484
21215,3/2/2023,7509
21215,3/3/2023,10222
21215,3/4/2023,4393
21215,3/5/2023,3603
21215,3/6/2023,7767
21215,3/7/2023,7075
21215,3/8/2023,8800
21215,3/9/2023,12048
21215,3/10/2023,6026
21215,3/11/2023,6656
21215,3/12/2023,6846
21215,3/13/2023,5536
21215,3/14/2023,5426
21215,3/15/2023,2756
21215,3/16/2023,4094
21215,3/17/2023,4682
21215,3/18/2023,8699
21215,3/19/2023,3769
21215,3/20/2023,7983
21215,3/21/2023,7139
21215,3/22/2023,3839
21216,2/28/2023,14148
21216,3/1/2023,11588
21216,3/2/2023,11953
21216,3/3/2023,12736
21216,3/4/2023,8842
21216,3/5/2023,10605
21216,3/6/2023,15129
21216,3/7/2023,12652
21216,3/8/2023,13759
21216,3/9/2023,14832
21216,3/10/2023,14346
21216,3/11/2023,6583
21216,3/12/2023,12081
21216,3/13/2023,1950
21216,3/14/2023,6949
21216,3/15/2023,4801
21216,3/16/2023,7108
21216,3/17/2023,4682
21216,3/18/2023,15938
21216,3/19/2023,5099
21216,3/20/2023,11271
21216,3/21/2023,13810
21216,3/22/2023,6651
21217,2/28/2023,11054
21217,3/1/2023,9429
21217,3/2/2023,9382
21217,3/3/2023,12099
21217,3/4/2023,7678
21217,3/5/2023,13466
21217,3/6/2023,6684
21217,3/7/2023,10846
21217,3/8/2023,10327
21217,3/9/2023,11408
21217,3/10/2023,12955
21217,3/11/2023,10020
21217,3/12/2023,8791
21217,3/13/2023,6258
21217,3/14/2023,5782
21217,3/15/2023,9526
21217,3/16/2023,3904
21217,3/17/2023,8241
21217,3/18/2023,4710
21217,3/19/2023,9240
21217,3/20/2023,9805
21217,3/21/2023,9518
21217,3/22/2023,0
21218,2/28/2023,6224
21218,3/1/2023,10091
21218,3/2/2023,6124
21218,3/3/2023,11029
21218,3/4/2023,3623
21218,3/5/2023,7539
21218,3/6/2023,9361
21218,3/7/2023,9211
21218,3/8/2023,10269
21218,3/9/2023,6436
21218,3/10/2023,17170
21218,3/11/2023,15655
21218,3/12/2023,17102
21218,3/13/2023,16148
21218,3/14/2023,16568
21218,3/15/2023,16792
21218,3/16/2023,21515
21218,3/17/2023,16243
21218,3/18/2023,3665
21218,3/19/2023,1968
21218,3/20/2023,7860
21218,3/21/2023,5914
21218,3/22/2023,8619
21219,2/28/2023,183
21219,3/1/2023,5615
21219,3/2/2023,7950
21219,3/3/2023,8813
21219,3/4/2023,775
21219,3/5/2023,9
21219,3/6/2023,5200
21219,3/7/2023,8588
21219,3/8/2023,6954
21219,3/9/2023,0
21219,3/10/2023,0
21219,3/11/2023,569
21219,3/12/2023,0
21219,3/13/2023,0
21219,3/14/2023,0
21219,3/15/2023,0
21219,3/16/2023,0
21219,3/17/2023,0
21219,3/18/2023,0
21219,3/19/2023,0
21219,3/20/2023,3501
21219,3/21/2023,7076
21219,3/22/2023,5190
21220,2/28/2023,2865
21220,3/1/2023,10016
21220,3/2/2023,4232
21220,3/3/2023,1506
21220,3/4/2023,9500
21220,3/5/2023,5259
21220,3/6/2023,11918
21220,3/7/2023,10035
21220,3/8/2023,9613
21220,3/9/2023,5952
21220,3/10/2023,10771
21220,3/11/2023,4486
21220,3/12/2023,3697
21220,3/13/2023,5617
21220,3/14/2023,309
21220,3/15/2023,4442
21220,3/16/2023,4599
21220,3/17/2023,3113
21220,3/18/2023,1450
21220,3/19/2023,4266
21220,3/20/2023,8880
21220,3/21/2023,5665
21220,3/22/2023,34
21221,2/28/2023,9851
21221,3/1/2023,9330
21221,3/2/2023,4712
21221,3/3/2023,12331
21221,3/4/2023,11942
21221,3/5/2023,5842
21221,3/6/2023,11647
21221,3/7/2023,8923
21221,3/8/2023,10879
21221,3/9/2023,9311
21221,3/10/2023,8763
21221,3/11/2023,7074
21221,3/12/2023,8221
21221,3/13/2023,5240
21221,3/14/2023,4906
21221,3/15/2023,9900
21221,3/16/2023,9293
21221,3/17/2023,7409
21221,3/18/2023,7574
21221,3/19/2023,5507
21221,3/20/2023,9244
21221,3/21/2023,8880
21221,3/22/2023,6425
21222,2/28/2023,12747
21222,3/1/2023,10982
21222,3/2/2023,9299
21222,3/3/2023,9269
21222,3/4/2023,8468
21222,3/5/2023,7994
21222,3/6/2023,12093
21222,3/7/2023,11299
21222,3/8/2023,11095
21222,3/9/2023,10730
21222,3/10/2023,13160
21222,3/11/2023,7500
21222,3/12/2023,7236
21222,3/13/2023,7238
21222,3/14/2023,6808
21222,3/15/2023,5432
21222,3/16/2023,8563
21222,3/17/2023,5776
21222,3/18/2023,11420
21222,3/19/2023,13184
21222,3/20/2023,12586
21222,3/21/2023,15471
21222,3/22/2023,7067
21223,2/28/2023,11134
21223,3/1/2023,10160
21223,3/2/2023,8998
21223,3/3/2023,9218
21223,3/4/2023,7448
21223,3/5/2023,2578
21223,3/6/2023,8022
21223,3/7/2023,9046
21223,3/8/2023,11763
21223,3/9/2023,8585
21223,3/10/2023,8048
21223,3/11/2023,5354
21223,3/12/2023,3404
21223,3/13/2023,1823
21223,3/14/2023,3011
21223,3/15/2023,4224
21223,3/16/2023,3917
21223,3/17/2023,5176
21223,3/18/2023,1657
21223,3/19/2023,2061
21223,3/20/2023,9965
21223,3/21/2023,8206
21223,3/22/2023,791
21224,2/28/2023,0
21224,3/1/2023,4184
21224,3/2/2023,14498
21224,3/3/2023,15565
21224,3/4/2023,6457
21224,3/5/2023,12772
21224,3/6/2023,16282
21224,3/7/2023,12911
21224,3/8/2023,13744
21224,3/9/2023,15266
21224,3/10/2023,11605
21224,3/11/2023,6280
21224,3/12/2023,3198
21224,3/13/2023,10286
21224,3/14/2023,8934
21224,3/15/2023,5660
21224,3/16/2023,3735
21224,3/17/2023,684
21224,3/18/2023,7408
21224,3/19/2023,5408
21224,3/20/2023,0
21225,2/28/2023,3830
21225,3/1/2023,3428
21225,3/2/2023,8264
21225,3/3/2023,4833
21225,3/4/2023,3142
21225,3/5/2023,3692
21225,3/6/2023,4170
21225,3/7/2023,9309
21225,3/8/2023,9430
21225,3/9/2023,8351
21225,3/10/2023,8589
21225,3/11/2023,11350
21225,3/12/2023,6345
21225,3/13/2023,6046
21225,3/14/2023,6112
21225,3/15/2023,3231
21225,3/16/2023,1636
21225,3/17/2023,1994
21225,3/18/2023,3329
21225,3/19/2023,2647
21225,3/20/2023,13095
21225,3/21/2023,11417
21225,3/22/2023,864
21226,2/28/2023,11454
21226,3/1/2023,13200
21226,3/2/2023,16389
21226,3/3/2023,8786
21226,3/4/2023,11919
21226,3/5/2023,6336
21226,3/6/2023,8618
21226,3/7/2023,10517
21226,3/8/2023,6318
21226,3/9/2023,104
21226,3/10/2023,458
21226,3/11/2023,164
21226,3/12/2023,470
21226,3/13/2023,4672
21226,3/14/2023,4262
21226,3/15/2023,9254
21226,3/16/2023,2471
21226,3/17/2023,3280
21226,3/18/2023,1438
21226,3/19/2023,1620
21226,3/20/2023,9423
21226,3/21/2023,14838
21226,3/22/2023,4525
21227,2/28/2023,33594
21227,3/1/2023,32167
21227,3/2/2023,21858
21227,3/3/2023,1542
21227,3/4/2023,5678
21227,3/5/2023,28611
21227,3/6/2023,23063
21227,3/7/2023,25235
21227,3/8/2023,14946
21227,3/9/2023,29799
21227,3/10/2023,12273
21227,3/11/2023,12963
21227,3/12/2023,23330
21227,3/13/2023,30014
21227,3/14/2023,30260
21227,3/15/2023,25413
21227,3/16/2023,16619
21227,3/17/2023,16069
21227,3/18/2023,21986
21227,3/19/2023,30106
21227,3/20/2023,30014
21227,3/21/2023,23137
21227,3/22/2023,7547
21228,2/28/2023,0
21228,3/1/2023,877
21228,3/2/2023,8216
21228,3/3/2023,8619
21228,3/4/2023,3439
21228,3/5/2023,4088
21228,3/6/2023,8612
21228,3/7/2023,7409
21228,3/8/2023,7664
21228,3/9/2023,7887
21228,3/10/2023,6315
21228,3/11/2023,3570
21228,3/12/2023,7234
21228,3/13/2023,6945
21228,3/14/2023,4915
21228,3/15/2023,8019
21228,3/16/2023,2348
21228,3/17/2023,2480
21228,3/18/2023,4429
21228,3/19/2023,4396
21228,3/20/2023,8692
21228,3/21/2023,8623
21228,3/22/2023,2479
21301,2/28/2023,8146
21301,3/1/2023,8795
21301,3/2/2023,8590
21301,3/3/2023,6694
21301,3/4/2023,5764
21301,3/5/2023,5487
21301,3/6/2023,8104
21301,3/7/2023,7962
21301,3/8/2023,9721
21301,3/9/2023,9704
21301,3/10/2023,12244
21301,3/11/2023,8212
21301,3/12/2023,10808
21301,3/13/2023,11067
21301,3/14/2023,10069
21301,3/15/2023,10040
21301,3/16/2023,10488
21301,3/17/2023,10255
21301,3/18/2023,10503
21301,3/19/2023,11197
21301,3/20/2023,10790
21301,3/21/2023,7412
21301,3/22/2023,2355
21302,2/28/2023,7293
21302,3/1/2023,9067
21302,3/2/2023,12499
21302,3/3/2023,6641
21302,3/4/2023,7100
21302,3/5/2023,11101
21302,3/6/2023,8194
21302,3/7/2023,7684
21302,3/8/2023,8006
21302,3/9/2023,9194
21302,3/10/2023,8653
21302,3/11/2023,13591
21302,3/12/2023,8382
21302,3/13/2023,12269
21302,3/14/2023,19684
21302,3/15/2023,21718
21302,3/16/2023,17989
21302,3/17/2023,8642
21302,3/18/2023,5133
21302,3/19/2023,14137
21302,3/20/2023,7538
21302,3/21/2023,12512
21302,3/22/2023,3789
21303,2/28/2023,13769
21303,3/1/2023,11026
21303,3/2/2023,9431
21303,3/3/2023,9427
21303,3/4/2023,11190
21303,3/5/2023,9919
21303,3/6/2023,11744
21303,3/7/2023,8276
21303,3/8/2023,12131
21303,3/9/2023,15287
21303,3/10/2023,11529
21303,3/11/2023,6996
21303,3/12/2023,6124
21303,3/13/2023,6772
21303,3/14/2023,7012
21303,3/15/2023,7459
21303,3/16/2023,9151
21303,3/17/2023,10161
21303,3/18/2023,8005
21303,3/19/2023,8965
21303,3/20/2023,12870
21303,3/21/2023,12405
21303,3/22/2023,0
21304,2/28/2023,5102
21304,3/1/2023,5516
21304,3/2/2023,5120
21304,3/3/2023,4653
21304,3/4/2023,6411
21304,3/5/2023,5929
21304,3/6/2023,3269
21304,3/7/2023,4619
21304,3/8/2023,4263
21304,3/9/2023,6419
21304,3/10/2023,5948
21304,3/11/2023,4014
21304,3/12/2023,10075
21304,3/13/2023,10151
21304,3/14/2023,10202
21304,3/15/2023,3723
21304,3/16/2023,3324
21304,3/17/2023,3824
21304,3/18/2023,2408
21304,3/19/2023,3270
21304,3/20/2023,2883
21304,3/21/2023,2661
21304,3/22/2023,2255
21305,2/28/2023,0
21305,3/1/2023,5675
21305,3/2/2023,6313
21305,3/3/2023,6757
21305,3/4/2023,3593
21305,3/5/2023,2247
21305,3/6/2023,4386
21305,3/7/2023,7826
21305,3/8/2023,7410
21305,3/9/2023,7129
21305,3/10/2023,8449
21305,3/11/2023,4115
21305,3/12/2023,3499
21305,3/13/2023,4622
21305,3/14/2023,5179
21305,3/15/2023,2898
21305,3/16/2023,5521
21305,3/17/2023,3970
21305,3/18/2023,4291
21305,3/19/2023,6923
21305,3/20/2023,6557
21305,3/21/2023,4682
21305,3/22/2023,3814
21306,2/28/2023,7731
21306,3/1/2023,5483
21306,3/2/2023,6681
21306,3/3/2023,6604
21306,3/4/2023,6862
21306,3/5/2023,5104
21306,3/6/2023,9776
21306,3/7/2023,7430
21306,3/8/2023,6681
21306,3/9/2023,6541
21306,3/10/2023,3570
21306,3/11/2023,5745
21306,3/12/2023,6478
21306,3/13/2023,3306
21306,3/14/2023,3753
21306,3/15/2023,4538
21306,3/16/2023,5383
21306,3/17/2023,4642
21306,3/18/2023,2641
21306,3/19/2023,3518
21306,3/20/2023,8644
21306,3/21/2023,5223
21306,3/22/2023,0
21307,2/28/2023,6048
21307,3/1/2023,9341
21307,3/2/2023,7999
21307,3/3/2023,6259
21307,3/4/2023,8036
21307,3/5/2023,7284
21307,3/6/2023,4048
21307,3/7/2023,7037
21307,3/8/2023,5867
21307,3/9/2023,8603
21307,3/10/2023,8876
21307,3/11/2023,7899
21307,3/12/2023,3705
21307,3/13/2023,6962
21307,3/14/2023,5862
21307,3/15/2023,6636
21307,3/16/2023,4161
21307,3/17/2023,10424
21307,3/18/2023,3093
21307,3/19/2023,8791
21307,3/20/2023,5201
21307,3/21/2023,6302
21307,3/22/2023,3555
21308,3/1/2023,0
21308,3/2/2023,0
21308,3/3/2023,109
21308,3/4/2023,0
21308,3/5/2023,0
21308,3/6/2023,656
21308,3/7/2023,0
21308,3/8/2023,0
21308,3/9/2023,0
21308,3/10/2023,0
21311,2/28/2023,10146
21311,3/1/2023,9289
21311,3/2/2023,8544
21311,3/3/2023,11076
21311,3/4/2023,2435
21311,3/5/2023,3134
21311,3/6/2023,8886
21311,3/7/2023,9110
21311,3/8/2023,7842
21311,3/9/2023,9903
21311,3/10/2023,12981
21311,3/11/2023,69
21311,3/12/2023,0
21311,3/13/2023,0
21311,3/14/2023,0
21311,3/15/2023,0
21311,3/16/2023,0
21311,3/17/2023,0
21311,3/18/2023,0
21311,3/19/2023,0
21311,3/20/2023,0
21311,3/21/2023,8868
21311,3/22/2023,5740
21312,2/28/2023,19174
21312,3/1/2023,19505
21312,3/2/2023,17685
21312,3/3/2023,19628
21312,3/4/2023,8230
21312,3/5/2023,6296
21312,3/6/2023,15967
21312,3/7/2023,3287
21312,3/8/2023,22058
21312,3/9/2023,17920
21312,3/10/2023,20998
21312,3/11/2023,5168
21312,3/12/2023,6997
21312,3/13/2023,2523
21312,3/14/2023,6714
21312,3/15/2023,6325
21312,3/16/2023,3989
21312,3/17/2023,4054
21312,3/18/2023,2175
21312,3/19/2023,9141
21312,3/20/2023,16113
21312,3/21/2023,21895
21312,3/22/2023,6596
21313,2/28/2023,4799
21313,3/1/2023,5559
21313,3/2/2023,6176
21313,3/3/2023,5837
21313,3/4/2023,5040
21313,3/5/2023,4609
21313,3/6/2023,16848
21313,3/7/2023,19379
21313,3/8/2023,17957
21313,3/9/2023,15372
21313,3/10/2023,15576
21313,3/11/2023,3855
21313,3/12/2023,2167
21313,3/13/2023,2593
21313,3/14/2023,2805
21313,3/15/2023,4219
21313,3/16/2023,4026
21313,3/17/2023,10429
21313,3/18/2023,9129
21313,3/19/2023,3673
21313,3/20/2023,15594
21313,3/21/2023,51
21313,3/22/2023,8427
21314,2/28/2023,11033
21314,3/1/2023,10411
21314,3/2/2023,11981
21314,3/3/2023,10842
21314,3/4/2023,3573
21314,3/5/2023,2003
21314,3/6/2023,9998
21314,3/7/2023,10524
21314,3/8/2023,10555
21314,3/9/2023,9520
21314,3/10/2023,13456
21314,3/11/2023,4952
21314,3/12/2023,2530
21314,3/13/2023,3750
21314,3/14/2023,2230
21314,3/15/2023,2925
21314,3/16/2023,6147
21314,3/17/2023,4875
21314,3/18/2023,8372
21314,3/19/2023,2244
21314,3/20/2023,7914
21314,3/21/2023,2272
21314,3/22/2023,6189
21315,2/28/2023,10468
21315,3/1/2023,10712
21315,3/2/2023,9998
21315,3/3/2023,10086
21315,3/4/2023,4112
21315,3/5/2023,4586
21315,3/6/2023,10799
21315,3/7/2023,9909
21315,3/8/2023,8996
21315,3/9/2023,11128
21315,3/10/2023,9986
21315,3/11/2023,5501
21315,3/12/2023,2390
21315,3/13/2023,3881
21315,3/14/2023,2736
21315,3/15/2023,1673
21315,3/16/2023,3621
21315,3/17/2023,5393
21315,3/18/2023,2446
21315,3/19/2023,5570
21315,3/20/2023,8430
21315,3/21/2023,622
21316,2/28/2023,16596
21316,3/1/2023,18254
21316,3/2/2023,15615
21316,3/3/2023,21728
21316,3/4/2023,5178
21316,3/5/2023,4767
21316,3/6/2023,13766
21316,3/7/2023,15407
21316,3/8/2023,4211
21316,3/9/2023,6954
21316,3/10/2023,17420
21316,3/11/2023,6358
21316,3/12/2023,7416
21316,3/13/2023,7462
21316,3/14/2023,8152
21316,3/15/2023,8282
21316,3/16/2023,5630
21316,3/17/2023,5633
21316,3/18/2023,8228
21316,3/19/2023,6418
21316,3/20/2023,14300
21316,3/21/2023,13376
21316,3/22/2023,11012
21317,2/28/2023,12412
21317,3/1/2023,8561
21317,3/2/2023,7065
21317,3/3/2023,8189
21317,3/4/2023,3617
21317,3/5/2023,3239
21317,3/6/2023,10096
21317,3/7/2023,10033
21317,3/8/2023,10075
21317,3/9/2023,10252
21317,3/10/2023,11379
21317,3/11/2023,3208
21317,3/12/2023,2130
21317,3/13/2023,2676
21317,3/14/2023,4189
21317,3/15/2023,4067
21317,3/16/2023,10072
21317,3/17/2023,4696
21317,3/18/2023,2286
21317,3/19/2023,3364
21317,3/20/2023,2347
21317,3/21/2023,7654
21317,3/22/2023,5406
21318,2/28/2023,16396
21318,3/1/2023,24711
21318,3/2/2023,11369
21318,3/3/2023,21750
21318,3/4/2023,6832
21318,3/5/2023,10040
21318,3/6/2023,19553
21318,3/7/2023,14742
21318,3/8/2023,14712
21318,3/9/2023,12833
21318,3/10/2023,13948
21318,3/11/2023,8722
21318,3/12/2023,11021
21318,3/13/2023,8136
21318,3/14/2023,7627
21318,3/15/2023,17458
21318,3/16/2023,7290
21318,3/17/2023,5549
21318,3/18/2023,7961
21318,3/19/2023,13661
21318,3/20/2023,13708
21318,3/21/2023,15281
21318,3/22/2023,9980
21319,2/28/2023,9330
21319,3/1/2023,11518
21319,3/2/2023,10274
21319,3/3/2023,12011
21319,3/4/2023,5746
21319,3/5/2023,2770
21319,3/6/2023,7615
21319,3/7/2023,8488
21319,3/8/2023,10622
21319,3/9/2023,9212
21319,3/10/2023,11136
21319,3/11/2023,8410
21319,3/12/2023,3585
21319,3/13/2023,5846
21319,3/14/2023,3553
21319,3/15/2023,4579
21319,3/16/2023,7157
21319,3/17/2023,3696
21319,3/18/2023,6982
21319,3/19/2023,5454
21319,3/20/2023,9715
21319,3/21/2023,10437
21319,3/22/2023,5533
21320,2/28/2023,0
21320,3/1/2023,11877
21320,3/2/2023,18543
21320,3/3/2023,18624
21320,3/4/2023,7480
21320,3/5/2023,16277
21320,3/6/2023,21394
21320,3/7/2023,14844
21320,3/8/2023,19018
21320,3/9/2023,16678
21320,3/10/2023,23298
21320,3/11/2023,9453
21320,3/12/2023,5388
21320,3/13/2023,9983
21320,3/14/2023,7726
21320,3/15/2023,9991
21320,3/16/2023,0
21320,3/17/2023,917
21320,3/18/2023,8361
21320,3/19/2023,9170
21320,3/20/2023,21586
21320,3/21/2023,23212
21320,3/22/2023,13431
21321,2/28/2023,8644
21321,3/1/2023,6030
21321,3/2/2023,5527
21321,3/3/2023,7582
21321,3/4/2023,7395
21321,3/5/2023,5887
21321,3/6/2023,9599
21321,3/7/2023,11113
21321,3/8/2023,11000
21321,3/9/2023,9956
21321,3/10/2023,13011
21321,3/11/2023,5990
21321,3/12/2023,9261
21321,3/13/2023,3283
21321,3/14/2023,3657
21321,3/15/2023,4468
21321,3/16/2023,4275
21321,3/17/2023,4559
21321,3/18/2023,2719
21321,3/19/2023,3220
21321,3/20/2023,559
21321,3/21/2023,13280
21321,3/22/2023,5542
21322,2/28/2023,1492
21322,3/1/2023,9391
21322,3/2/2023,9878
21322,3/3/2023,6792
21322,3/4/2023,4937
21322,3/5/2023,3558
21322,3/6/2023,9199
21322,3/7/2023,9043
21322,3/8/2023,6926
21322,3/9/2023,6320
21322,3/10/2023,8175
21322,3/11/2023,114
21322,3/12/2023,726
21323,2/28/2023,9598
21323,3/1/2023,8207
21323,3/2/2023,9830
21323,3/3/2023,11130
21323,3/4/2023,7390
21323,3/5/2023,3105
21323,3/6/2023,9644
21323,3/7/2023,10475
21323,3/8/2023,8142
21323,3/9/2023,11327
21323,3/10/2023,11347
21323,3/11/2023,2411
21323,3/12/2023,2995
21323,3/13/2023,3642
21323,3/14/2023,91
21323,3/15/2023,0
21323,3/16/2023,1459
21323,3/17/2023,1309
21323,3/18/2023,1932
21323,3/19/2023,2884
21323,3/20/2023,9098
21323,3/21/2023,8157
21323,3/22/2023,759
21324,2/28/2023,17046
21324,3/1/2023,15588
21324,3/2/2023,13931
21324,3/3/2023,20420
21324,3/4/2023,5820
21324,3/5/2023,7781
21324,3/6/2023,15559
21324,3/7/2023,17287
21324,3/8/2023,17418
21324,3/9/2023,16644
21324,3/10/2023,17793
21324,3/11/2023,9527
21324,3/12/2023,12737
21324,3/13/2023,8728
21324,3/14/2023,10706
21324,3/15/2023,10092
21324,3/16/2023,6485
21324,3/17/2023,8659
21324,3/18/2023,5377
21324,3/19/2023,5348
21324,3/20/2023,1404
21325,2/28/2023,14796
21325,3/1/2023,17582
21325,3/2/2023,14222
21325,3/3/2023,18125
21325,3/4/2023,9186
21325,3/5/2023,12847
21325,3/6/2023,15188
21325,3/7/2023,15388
21325,3/8/2023,16753
21325,3/9/2023,14508
21325,3/10/2023,19221
21325,3/11/2023,7738
21325,3/12/2023,5710
21325,3/13/2023,5252
21325,3/14/2023,8937
21325,3/15/2023,7740
21325,3/16/2023,11398
21325,3/17/2023,11110
21325,3/18/2023,14569
21325,3/19/2023,23889
21325,3/20/2023,21698
21325,3/21/2023,22006
21325,3/22/2023,0
21326,3/1/2023,18329
21326,3/2/2023,17066
21326,3/3/2023,21258
21326,3/4/2023,19799
21326,3/5/2023,7451
21326,3/6/2023,18437
21326,3/7/2023,17661
21326,3/8/2023,16154
21326,3/9/2023,18902
21326,3/10/2023,22124
21326,3/11/2023,14999
21326,3/12/2023,11841
21326,3/13/2023,8954
21326,3/14/2023,6279
21326,3/15/2023,10467
21326,3/16/2023,4745
21326,3/17/2023,12305
21326,3/18/2023,5163
21326,3/19/2023,14325
21326,3/20/2023,16527
21326,3/21/2023,18120
21326,3/22/2023,10181
21327,3/1/2023,0
21327,3/2/2023,0
21327,3/3/2023,5945
21327,3/4/2023,12309
21327,3/5/2023,4629
21327,3/6/2023,10977
21327,3/7/2023,11798
21327,3/8/2023,16655
21327,3/9/2023,15879
21327,3/10/2023,12555
21327,3/11/2023,9130
21327,3/12/2023,4454
21327,3/13/2023,5485
21327,3/14/2023,9857
21327,3/15/2023,8199
21327,3/16/2023,11228
21327,3/17/2023,13323
21327,3/18/2023,7197
21327,3/19/2023,8101
21327,3/20/2023,12012
21327,3/21/2023,411
21328,3/1/2023,8286
21328,3/2/2023,10169
21328,3/3/2023,14715
21328,3/4/2023,7046
21328,3/5/2023,0
21328,3/6/2023,13796
21328,3/7/2023,11430
21328,3/8/2023,15240
21328,3/9/2023,9694
21328,3/10/2023,11378
21328,3/11/2023,1572
21328,3/12/2023,4839
21328,3/13/2023,6477
21328,3/14/2023,3122
21328,3/15/2023,4319
21328,3/16/2023,2487
21328,3/17/2023,3745
21328,3/18/2023,6067
21328,3/19/2023,2706
21328,3/20/2023,12138
21328,3/21/2023,8669
21328,3/22/2023,6288
21411,3/1/2023,14171
21411,3/2/2023,9999
21411,3/3/2023,12951
21411,3/4/2023,15255
21411,3/5/2023,7111
21411,3/6/2023,3683
21411,3/7/2023,11165
21411,3/8/2023,9430
21411,3/9/2023,11771
21411,3/10/2023,12819
21411,3/11/2023,8030
21411,3/12/2023,6963
21411,3/13/2023,13824
21411,3/14/2023,170
21411,3/15/2023,7498
21411,3/16/2023,12176
21411,3/17/2023,13230
21411,3/18/2023,4701
21411,3/19/2023,6668
21411,3/20/2023,10169
21411,3/21/2023,10851
21411,3/22/2023,1747
21412,3/1/2023,11734
21412,3/2/2023,9560
21412,3/3/2023,7406
21412,3/4/2023,10470
21412,3/5/2023,6177
21412,3/6/2023,14610
21412,3/7/2023,10672
21412,3/8/2023,12633
21412,3/9/2023,13413
21412,3/10/2023,12864
21412,3/11/2023,5349
21412,3/12/2023,3882
21412,3/13/2023,2608
21412,3/14/2023,10305
21412,3/15/2023,10861
21412,3/16/2023,4435
21412,3/17/2023,6276
21412,3/18/2023,7946
21412,3/19/2023,5065
21412,3/20/2023,10718
21412,3/21/2023,11192
21412,3/22/2023,6298
21413,3/1/2023,10669
21413,3/2/2023,11619
21413,3/3/2023,10244
21413,3/4/2023,7423
21413,3/5/2023,1667
21413,3/6/2023,11505
21413,3/7/2023,10593
21413,3/8/2023,11033
21413,3/9/2023,10718
21413,3/10/2023,13029
21413,3/11/2023,2981
21413,3/12/2023,3665
21413,3/13/2023,10775
21413,3/14/2023,10251
21413,3/15/2023,10272
21413,3/16/2023,11005
21413,3/17/2023,10287
21413,3/18/2023,5118
21413,3/19/2023,4185
21413,3/20/2023,2401
21413,3/21/2023,9816
21413,3/22/2023,5844
21414,3/1/2023,12019
21414,3/2/2023,13278
21414,3/3/2023,13183
21414,3/4/2023,10024
21414,3/5/2023,13375
21414,3/6/2023,13181
21414,3/7/2023,13886
21414,3/8/2023,14540
21414,3/9/2023,17527
21414,3/10/2023,6485
21414,3/11/2023,10285
21414,3/12/2023,9631
21414,3/13/2023,11592
21414,3/14/2023,10051
21414,3/15/2023,8090
21414,3/16/2023,6691
21414,3/17/2023,5664
21414,3/18/2023,7866
21414,3/19/2023,9546
21414,3/20/2023,6508
21414,3/21/2023,11748
21414,3/22/2023,3391
22101,2/24/2023,3593
22101,2/25/2023,8127
22101,2/26/2023,6064
22101,2/27/2023,12458
22101,2/28/2023,9794
22101,3/1/2023,12320
22101,3/2/2023,13009
22101,3/3/2023,7180
22101,3/4/2023,16063
22101,3/5/2023,15017
22101,3/6/2023,10451
22101,3/7/2023,7577
22101,3/8/2023,7429
22101,3/9/2023,11886
22101,3/10/2023,13925
22101,3/11/2023,8609
22101,3/12/2023,5170
22101,3/13/2023,13570
22101,3/14/2023,13761
22101,3/15/2023,8829
22101,3/16/2023,6397
22101,3/17/2023,13265
22101,3/18/2023,11476
22101,3/19/2023,5364
22101,3/20/2023,12851
22101,3/21/2023,6831
22101,3/22/2023,5695
22102,2/24/2023,0
22102,2/25/2023,0
22102,2/26/2023,0
22102,2/27/2023,0
22102,2/28/2023,0
22102,3/1/2023,0
22102,3/2/2023,0
22102,3/3/2023,0
22102,3/4/2023,0
22102,3/5/2023,0
22102,3/6/2023,0
22102,3/7/2023,0
22102,3/8/2023,0
22102,3/9/2023,0
22102,3/10/2023,0
22102,3/11/2023,0
22102,3/12/2023,0
22102,3/13/2023,0
22102,3/14/2023,0
22102,3/15/2023,0
22102,3/16/2023,0
22102,3/17/2023,0
22102,3/18/2023,0
22102,3/19/2023,0
22102,3/20/2023,0
22102,3/21/2023,0
22102,3/22/2023,2185
22103,2/24/2023,687
22103,2/25/2023,5063
22103,2/26/2023,4755
22103,2/27/2023,6334
22103,2/28/2023,6634
22103,3/1/2023,6712
22103,3/2/2023,4734
22103,3/3/2023,3084
22103,3/4/2023,4135
22103,3/5/2023,6919
22103,3/6/2023,7852
22103,3/7/2023,5358
22103,3/8/2023,5848
22103,3/9/2023,4661
22103,3/10/2023,3944
22103,3/11/2023,3572
22103,3/12/2023,10015
22103,3/13/2023,2835
22103,3/14/2023,4866
22103,3/15/2023,1870
22103,3/16/2023,8308
22103,3/17/2023,5612
22103,3/18/2023,5995
22103,3/19/2023,5681
22103,3/20/2023,4491
22103,3/21/2023,341
22103,3/22/2023,2470
22110,2/24/2023,0
22110,2/25/2023,0
22110,2/26/2023,0
22110,2/27/2023,1107
22110,2/28/2023,7777
22110,3/1/2023,127
22110,3/2/2023,7134
22110,3/3/2023,9275
22110,3/4/2023,5473
22110,3/5/2023,4360
22110,3/6/2023,7286
22110,3/7/2023,6054
22110,3/8/2023,7408
22110,3/9/2023,7448
22110,3/10/2023,9711
22110,3/11/2023,4675
22110,3/12/2023,5512
22110,3/13/2023,3753
22110,3/14/2023,0
22110,3/15/2023,7788
22110,3/16/2023,2810
22110,3/17/2023,5376
22110,3/18/2023,19
22110,3/19/2023,0
22110,3/20/2023,8062
22110,3/21/2023,6781
22110,3/22/2023,5650
22111,2/24/2023,10899
22111,2/25/2023,4701
22111,2/26/2023,6735
22111,2/27/2023,9480
22111,2/28/2023,10088
22111,3/1/2023,8898
22111,3/2/2023,9919
22111,3/3/2023,7669
22111,3/4/2023,6768
22111,3/5/2023,7280
22111,3/6/2023,9781
22111,3/7/2023,11595
22111,3/8/2023,9831
22111,3/9/2023,7831
22111,3/10/2023,13478
22111,3/11/2023,4053
22111,3/12/2023,7403
22111,3/13/2023,6980
22111,3/14/2023,6094
22111,3/15/2023,8195
22111,3/16/2023,4467
22111,3/17/2023,7655
22111,3/18/2023,8574
22111,3/19/2023,9158
22111,3/20/2023,9392
22111,3/21/2023,9280
22111,3/22/2023,5121
22112,2/24/2023,0
22112,2/25/2023,0
22112,2/26/2023,0
22112,2/27/2023,1758
22112,2/28/2023,6308
22112,3/1/2023,8760
22112,3/2/2023,7722
22112,3/3/2023,5328
22112,3/4/2023,4267
22112,3/5/2023,108
22112,3/6/2023,2666
22112,3/7/2023,5007
22112,3/8/2023,7338
22112,3/9/2023,68
22112,3/10/2023,8073
22112,3/11/2023,1239
22112,3/12/2023,3315
22112,3/13/2023,5891
22112,3/14/2023,2462
22112,3/15/2023,5395
22112,3/16/2023,2039
22112,3/17/2023,4965
22112,3/18/2023,3321
22112,3/19/2023,128
22112,3/20/2023,7585
22112,3/21/2023,873
22112,3/22/2023,2793
22113,2/24/2023,10741
22113,2/25/2023,4799
22113,2/26/2023,6956
22113,2/27/2023,10582
22113,2/28/2023,9497
22113,3/1/2023,11078
22113,3/2/2023,11934
22113,3/3/2023,12474
22113,3/4/2023,4867
22113,3/5/2023,4643
22113,3/6/2023,13004
22113,3/7/2023,10358
22113,3/8/2023,2447
22113,3/9/2023,9294
22113,3/10/2023,6516
22113,3/11/2023,4128
22113,3/12/2023,3005
22113,3/13/2023,7892
22113,3/14/2023,5931
22113,3/15/2023,8586
22113,3/16/2023,6426
22113,3/17/2023,7380
22113,3/18/2023,6935
22113,3/19/2023,10376
22113,3/20/2023,11628
22113,3/21/2023,10999
22113,3/22/2023,7820
22114,2/25/2023,8009
22114,2/26/2023,6767
22114,2/27/2023,15448
22114,2/28/2023,10649
22114,3/1/2023,12617
22114,3/2/2023,9714
22114,3/3/2023,8473
22114,3/4/2023,11335
22114,3/5/2023,10570
22114,3/6/2023,10759
22114,3/7/2023,8489
22114,3/8/2023,12530
22114,3/9/2023,9532
22114,3/10/2023,13636
22114,3/11/2023,13131
22114,3/12/2023,6632
22114,3/13/2023,10740
22114,3/14/2023,8318
22114,3/15/2023,6079
22114,3/16/2023,8930
22114,3/17/2023,7444
22114,3/18/2023,11529
22114,3/19/2023,7710
22114,3/20/2023,10520
22114,3/21/2023,11922
22114,3/22/2023,7147
22115,2/25/2023,4736
22115,2/26/2023,7089
22115,2/27/2023,10217
22115,2/28/2023,12583
22115,3/1/2023,11628
22115,3/2/2023,10587
22115,3/3/2023,10237
22115,3/4/2023,5776
22115,3/5/2023,7197
22115,3/6/2023,11875
22115,3/7/2023,11066
22115,3/8/2023,10632
22115,3/9/2023,10929
22115,3/10/2023,10039
22115,3/11/2023,3003
22115,3/12/2023,4001
22115,3/13/2023,8734
22115,3/14/2023,7069
22115,3/15/2023,4197
22115,3/16/2023,5324
22115,3/17/2023,8172
22115,3/18/2023,9744
22115,3/19/2023,5077
22115,3/20/2023,11078
22115,3/21/2023,10634
22115,3/22/2023,5683
22116,2/25/2023,9832
22116,2/26/2023,9719
22116,2/27/2023,13826
22116,2/28/2023,15821
22116,3/1/2023,12305
22116,3/2/2023,11394
22116,3/3/2023,9639
22116,3/4/2023,6447
22116,3/5/2023,13228
22116,3/6/2023,10638
22116,3/7/2023,13684
22116,3/8/2023,10021
22116,3/9/2023,11774
22116,3/10/2023,11466
22116,3/11/2023,5562
22116,3/12/2023,10016
22116,3/13/2023,7871
22116,3/14/2023,8940
22116,3/15/2023,7163
22116,3/16/2023,6749
22116,3/17/2023,13386
22116,3/18/2023,8352
22116,3/19/2023,5304
22116,3/20/2023,11971
22116,3/21/2023,12554
22116,3/22/2023,5819
22117,2/25/2023,2754
22117,2/26/2023,1776
22117,2/27/2023,6591
22117,2/28/2023,11992
22117,3/1/2023,7781
22117,3/2/2023,7664
22117,3/3/2023,5635
22117,3/4/2023,10245
22117,3/5/2023,7860
22117,3/6/2023,7775
22117,3/7/2023,6546
22117,3/8/2023,6798
22117,3/9/2023,7577
22117,3/10/2023,8096
22117,3/11/2023,4429
22117,3/12/2023,1324
22117,3/13/2023,16749
22117,3/14/2023,2770
22117,3/15/2023,2174
22117,3/16/2023,0
22117,3/17/2023,0
22117,3/18/2023,0
22117,3/19/2023,0
22117,3/20/2023,0
22117,3/21/2023,0
22117,3/22/2023,0
22118,2/25/2023,10297
22118,2/26/2023,9995
22118,2/27/2023,5863
22118,2/28/2023,9606
22118,3/1/2023,15314
22118,3/2/2023,10301
22118,3/3/2023,9617
22118,3/4/2023,17242
22118,3/5/2023,15693
22118,3/6/2023,8445
22118,3/7/2023,10581
22118,3/8/2023,13967
22118,3/9/2023,10090
22118,3/10/2023,12526
22118,3/11/2023,22427
22118,3/12/2023,15915
22118,3/13/2023,4889
22118,3/14/2023,6226
22118,3/15/2023,10867
22118,3/16/2023,4563
22118,3/17/2023,12252
22118,3/18/2023,9332
22118,3/19/2023,4357
22118,3/20/2023,0
22119,2/25/2023,6349
22119,2/26/2023,6037
22119,2/27/2023,11205
22119,2/28/2023,12092
22119,3/1/2023,13938
22119,3/2/2023,10147
22119,3/3/2023,10052
22119,3/4/2023,2608
22119,3/5/2023,5052
22119,3/6/2023,10510
22119,3/7/2023,8715
22119,3/8/2023,6155
22119,3/9/2023,8165
22119,3/10/2023,10388
22119,3/11/2023,5144
22119,3/12/2023,4831
22119,3/13/2023,3660
22119,3/14/2023,7455
22119,3/15/2023,10067
22119,3/16/2023,2946
22119,3/17/2023,6862
22119,3/18/2023,6656
22119,3/19/2023,6435
22119,3/20/2023,7073
22119,3/21/2023,8272
22119,3/22/2023,5677
22120,2/25/2023,12692
22120,2/26/2023,10227
22120,2/27/2023,10344
22120,2/28/2023,10844
22120,3/1/2023,7495
22120,3/2/2023,12457
22120,3/3/2023,5613
22120,3/4/2023,11915
22120,3/5/2023,10378
22120,3/6/2023,10223
22120,3/7/2023,10061
22120,3/8/2023,6000
22120,3/9/2023,12003
22120,3/10/2023,6433
22120,3/11/2023,5343
22120,3/12/2023,327
22120,3/13/2023,6385
22120,3/14/2023,5761
22120,3/15/2023,6103
22120,3/16/2023,7319
22120,3/17/2023,324
22120,3/18/2023,8611
22120,3/19/2023,7623
22120,3/20/2023,8405
22120,3/21/2023,8966
22120,3/22/2023,5819
22201,2/25/2023,0
22202,2/25/2023,5108
22202,2/26/2023,4673
22202,2/27/2023,4650
22202,2/28/2023,10470
22202,3/1/2023,5005
22202,3/2/2023,5373
22202,3/3/2023,10040
22202,3/4/2023,10927
22202,3/5/2023,8487
22202,3/6/2023,7134
22202,3/7/2023,4561
22202,3/8/2023,5557
22202,3/9/2023,4693
22202,3/10/2023,3863
22202,3/11/2023,3148
22202,3/12/2023,7480
22202,3/13/2023,3556
22202,3/14/2023,4979
22202,3/15/2023,5619
22202,3/16/2023,4866
22202,3/17/2023,11048
22202,3/18/2023,739
22202,3/19/2023,0
22202,3/20/2023,5126
22202,3/21/2023,5143
22202,3/22/2023,3612
22203,2/25/2023,0
22204,2/25/2023,6758
22204,2/26/2023,5301
22204,2/27/2023,6196
22204,2/28/2023,5313
22204,3/1/2023,4096
22204,3/2/2023,5058
22204,3/3/2023,5097
22204,3/4/2023,8684
22204,3/5/2023,7118
22204,3/6/2023,4622
22204,3/7/2023,7150
22204,3/8/2023,0
22204,3/9/2023,0
22204,3/10/2023,0
22204,3/11/2023,1943
22204,3/12/2023,4635
22204,3/13/2023,4048
22204,3/14/2023,3653
22204,3/15/2023,4996
22204,3/16/2023,5977
22204,3/17/2023,48
22204,3/18/2023,11
22204,3/19/2023,2857
22204,3/20/2023,2935
22204,3/21/2023,2930
22204,3/22/2023,3553
22210,2/25/2023,4970
22210,2/26/2023,12874
22210,2/27/2023,13984
22210,2/28/2023,6773
22210,3/1/2023,14322
22210,3/2/2023,9110
22210,3/3/2023,11567
22210,3/4/2023,11125
22210,3/5/2023,5863
22210,3/6/2023,13682
22210,3/7/2023,5637
22210,3/8/2023,5152
22210,3/9/2023,10054
22210,3/10/2023,5816
22210,3/11/2023,6203
22210,3/12/2023,5710
22210,3/13/2023,8354
22210,3/14/2023,10105
22210,3/15/2023,8403
22210,3/16/2023,4593
22210,3/17/2023,6192
22210,3/18/2023,6086
22210,3/19/2023,5506
22210,3/20/2023,5352
22210,3/21/2023,4286
22210,3/22/2023,2279
22211,2/25/2023,0
22211,2/26/2023,0
22211,2/27/2023,0
22211,2/28/2023,0
22211,3/1/2023,373
22211,3/2/2023,0
22211,3/3/2023,0
22211,3/4/2023,0
22211,3/5/2023,0
22211,3/6/2023,0
22211,3/7/2023,6647
22211,3/8/2023,7206
22211,3/9/2023,6501
22211,3/10/2023,5354
22211,3/11/2023,7516
22211,3/12/2023,61
22211,3/13/2023,3865
22211,3/14/2023,6107
22211,3/15/2023,3603
22211,3/16/2023,4300
22211,3/17/2023,2997
22211,3/18/2023,3323
22211,3/19/2023,2674
22211,3/20/2023,1062
22212,2/25/2023,5667
22212,2/26/2023,7461
22212,2/27/2023,10232
22212,2/28/2023,7106
22212,3/1/2023,7361
22212,3/2/2023,8831
22212,3/3/2023,11751
22212,3/4/2023,8232
22212,3/5/2023,10170
22212,3/6/2023,8125
22212,3/7/2023,9413
22212,3/8/2023,8292
22212,3/9/2023,10057
22212,3/10/2023,9894
22212,3/11/2023,7873
22212,3/12/2023,12852
22212,3/13/2023,7636
22212,3/14/2023,9222
22212,3/15/2023,6705
22212,3/16/2023,6475
22212,3/17/2023,5921
22212,3/18/2023,6697
22212,3/19/2023,2571
22212,3/20/2023,10000
22212,3/21/2023,8190
22212,3/22/2023,0
22213,2/25/2023,4511
22213,2/26/2023,3279
22213,2/27/2023,6641
22213,2/28/2023,7175
22213,3/1/2023,9620
22213,3/2/2023,5985
22213,3/3/2023,7928
22213,3/4/2023,8673
22213,3/5/2023,4113
22213,3/6/2023,6444
22213,3/7/2023,5242
22213,3/8/2023,6293
22213,3/9/2023,6557
22213,3/10/2023,8672
22213,3/11/2023,6284
22213,3/12/2023,4472
22213,3/13/2023,2251
22213,3/14/2023,5147
22213,3/15/2023,4897
22213,3/16/2023,3148
22213,3/17/2023,4237
22213,3/18/2023,5139
22213,3/19/2023,2232
22213,3/20/2023,5143
22213,3/21/2023,4724
22213,3/22/2023,2540
22215,2/25/2023,2927
22215,2/26/2023,7180
22215,2/27/2023,8071
22215,2/28/2023,5721
22215,3/1/2023,6043
22215,3/2/2023,7071
22215,3/3/2023,10055
22215,3/4/2023,10048
22215,3/5/2023,7631
22215,3/6/2023,7472
22215,3/7/2023,10163
22215,3/8/2023,10128
22215,3/9/2023,11013
22215,3/10/2023,10112
22215,3/11/2023,7030
22215,3/12/2023,12657
22215,3/13/2023,13474
22215,3/14/2023,10297
22215,3/15/2023,10065
22215,3/16/2023,10297
22215,3/17/2023,8754
22215,3/18/2023,8506
22215,3/19/2023,13508
22215,3/20/2023,14040
22215,3/21/2023,12918
22215,3/22/2023,3880
22216,2/25/2023,5663
22216,2/26/2023,6341
22216,2/27/2023,12206
22216,2/28/2023,12507
22216,3/1/2023,12888
22216,3/2/2023,11994
22216,3/3/2023,3752
22216,3/4/2023,5182
22216,3/5/2023,8267
22216,3/6/2023,13740
22216,3/7/2023,3750
22216,3/8/2023,4960
22216,3/9/2023,6449
22216,3/10/2023,5951
22216,3/11/2023,5250
22216,3/12/2023,4742
22216,3/13/2023,6950
22216,3/14/2023,11438
22216,3/15/2023,3372
22216,3/16/2023,4711
22216,3/17/2023,4717
22216,3/18/2023,5687
22216,3/19/2023,4438
22216,3/20/2023,10216
22216,3/21/2023,7589
22216,3/22/2023,5971
22217,2/25/2023,6512
22217,2/26/2023,2762
22217,2/27/2023,9553
22217,2/28/2023,6085
22217,3/1/2023,9022
22217,3/2/2023,8571
22217,3/3/2023,7031
22217,3/4/2023,4163
22217,3/5/2023,1620
22217,3/6/2023,9739
22217,3/7/2023,7852
22217,3/8/2023,8269
22217,3/9/2023,8269
22217,3/10/2023,3807
22217,3/11/2023,1650
22217,3/12/2023,0
22217,3/13/2023,3879
22217,3/14/2023,63
22217,3/15/2023,6626
22217,3/16/2023,4530
22217,3/17/2023,3096
22217,3/18/2023,1807
22217,3/19/2023,0
22217,3/20/2023,0
22217,3/21/2023,0
22217,3/22/2023,0
22218,3/1/2023,14015
22218,3/2/2023,14552
22218,3/3/2023,12749
22218,3/4/2023,6152
22218,3/5/2023,5993
22218,3/6/2023,10799
22218,3/7/2023,15220
22218,3/8/2023,12997
22218,3/9/2023,12759
22218,3/10/2023,9995
22218,3/11/2023,6539
22218,3/12/2023,9646
22218,3/13/2023,5792
22218,3/14/2023,10972
22218,3/15/2023,6804
22218,3/16/2023,7206
22218,3/17/2023,8563
22218,3/18/2023,11551
22218,3/19/2023,9192
22218,3/20/2023,9103
22218,3/21/2023,0
22301,2/25/2023,536
22301,2/26/2023,567
22301,2/27/2023,6392
22301,2/28/2023,6366
22301,3/1/2023,3959
22301,3/2/2023,5458
22301,3/3/2023,6328
22301,3/4/2023,620
22301,3/5/2023,3572
22301,3/6/2023,6986
22301,3/7/2023,6275
22301,3/8/2023,5230
22301,3/9/2023,7348
22301,3/10/2023,5994
22301,3/11/2023,8097
22301,3/12/2023,8549
22301,3/13/2023,2236
22301,3/14/2023,4526
22301,3/15/2023,8172
22301,3/16/2023,4092
22301,3/17/2023,5670
22301,3/18/2023,5105
22301,3/19/2023,5122
22301,3/20/2023,3903
22301,3/21/2023,4056
22301,3/22/2023,4335
22302,2/25/2023,0
22302,2/26/2023,0
22302,2/27/2023,4617
22302,2/28/2023,12151
22302,3/1/2023,10360
22302,3/2/2023,9398
22302,3/3/2023,8011
22302,3/4/2023,12342
22302,3/5/2023,12439
22302,3/6/2023,9400
22302,3/7/2023,11356
22302,3/8/2023,3800
22302,3/9/2023,9869
22302,3/10/2023,10958
22302,3/11/2023,9761
22302,3/12/2023,5527
22302,3/13/2023,11730
22302,3/14/2023,6846
22302,3/15/2023,10933
22302,3/16/2023,4750
22302,3/17/2023,11230
22302,3/18/2023,7142
22302,3/19/2023,7985
22302,3/20/2023,10556
22302,3/21/2023,10229
22302,3/22/2023,3274
22310,2/25/2023,3710
22310,2/26/2023,676
22310,2/27/2023,7448
22310,2/28/2023,9216
22310,3/1/2023,7963
22310,3/2/2023,5353
22310,3/3/2023,7954
22310,3/4/2023,2727
22310,3/5/2023,1789
22310,3/6/2023,7143
22310,3/7/2023,7589
22310,3/8/2023,6925
22310,3/9/2023,6884
22310,3/10/2023,9979
22310,3/11/2023,2902
22310,3/12/2023,489
22310,3/13/2023,3742
22310,3/14/2023,5810
22310,3/15/2023,3694
22310,3/16/2023,4274
22310,3/17/2023,7683
22310,3/18/2023,2684
22310,3/19/2023,729
22310,3/20/2023,6038
22310,3/21/2023,6851
22310,3/22/2023,5217
22311,2/25/2023,0
22311,2/26/2023,0
22311,2/27/2023,4363
22311,2/28/2023,9935
22311,3/1/2023,11095
22311,3/2/2023,10380
22311,3/3/2023,7869
22311,3/4/2023,4771
22311,3/5/2023,5870
22311,3/6/2023,12613
22311,3/7/2023,12684
22311,3/8/2023,11174
22311,3/9/2023,11342
22311,3/10/2023,10120
22311,3/11/2023,6287
22311,3/12/2023,5227
22311,3/13/2023,5521
22311,3/14/2023,2605
22311,3/15/2023,4942
22311,3/16/2023,7132
22311,3/17/2023,15076
22311,3/18/2023,4134
22311,3/19/2023,7275
22311,3/20/2023,11876
22311,3/21/2023,10870
22311,3/22/2023,7262
22312,2/27/2023,6941
22312,2/28/2023,6689
22312,3/1/2023,9185
22312,3/2/2023,7821
22312,3/3/2023,6745
22312,3/4/2023,663
22312,3/5/2023,3277
22312,3/6/2023,9487
22312,3/7/2023,8192
22312,3/8/2023,6785
22312,3/9/2023,7932
22312,3/10/2023,2110
22312,3/11/2023,668
22312,3/12/2023,916
22312,3/13/2023,2209
22312,3/14/2023,3942
22312,3/15/2023,1547
22312,3/16/2023,3310
22312,3/17/2023,1536
22312,3/18/2023,638
22312,3/19/2023,588
22312,3/20/2023,8509
22312,3/21/2023,7287
22312,3/22/2023,5522
22313,2/25/2023,0
22313,2/26/2023,0
22313,2/27/2023,3807
22313,2/28/2023,11959
22313,3/1/2023,10440
22313,3/2/2023,11386
22313,3/3/2023,10263
22313,3/4/2023,7560
22313,3/5/2023,9521
22313,3/6/2023,9602
22313,3/7/2023,10733
22313,3/8/2023,12300
22313,3/9/2023,10971
22313,3/10/2023,8356
22313,3/11/2023,7378
22313,3/12/2023,6407
22313,3/13/2023,10722
22313,3/14/2023,6067
22313,3/15/2023,9612
22313,3/16/2023,11184
22313,3/17/2023,10140
22313,3/18/2023,7036
22313,3/19/2023,6299
22313,3/20/2023,8650
22313,3/21/2023,7376
22313,3/22/2023,5751
22314,2/25/2023,0
22314,2/26/2023,0
22314,2/27/2023,6470
22314,2/28/2023,6401
22314,3/1/2023,6967
22314,3/2/2023,7730
22314,3/3/2023,9614
22314,3/4/2023,7084
22314,3/5/2023,2066
22314,3/6/2023,10288
22314,3/7/2023,7664
22314,3/8/2023,9997
22314,3/9/2023,7626
22314,3/10/2023,1516
22314,3/11/2023,4952
22314,3/12/2023,966
22314,3/13/2023,5236
22314,3/14/2023,4146
22314,3/15/2023,8014
22314,3/16/2023,0
22314,3/17/2023,0
22314,3/18/2023,0
22314,3/19/2023,6152
22314,3/20/2023,7024
22314,3/21/2023,9466
22314,3/22/2023,5534
22315,2/25/2023,0
22315,2/26/2023,0
22315,2/27/2023,0
22315,2/28/2023,0
22315,3/1/2023,0
22315,3/2/2023,0
22315,3/3/2023,0
22315,3/4/2023,0
22315,3/5/2023,0
22315,3/6/2023,7620
22315,3/7/2023,8408
22315,3/8/2023,9906
22315,3/9/2023,8283
22315,3/10/2023,9210
22315,3/11/2023,1990
22315,3/12/2023,1797
22315,3/13/2023,6245
22315,3/14/2023,4227
22315,3/15/2023,10178
22315,3/16/2023,4371
22315,3/17/2023,10505
22315,3/18/2023,1759
22315,3/19/2023,3723
22315,3/20/2023,9489
22315,3/21/2023,5210
22315,3/22/2023,12
22316,2/25/2023,0
22316,2/26/2023,0
22316,2/27/2023,4066
22316,2/28/2023,7265
22316,3/1/2023,2199
22316,3/2/2023,6486
22316,3/3/2023,7837
22316,3/4/2023,3738
22316,3/5/2023,2428
22316,3/6/2023,2729
22316,3/7/2023,6911
22316,3/8/2023,5636
22316,3/9/2023,5788
22316,3/10/2023,4919
22316,3/11/2023,3867
22316,3/12/2023,2096
22316,3/13/2023,3076
22316,3/14/2023,1053
22316,3/15/2023,4214
22316,3/16/2023,2438
22316,3/17/2023,3936
22316,3/18/2023,1055
22316,3/19/2023,3306
22316,3/20/2023,2884
22316,3/21/2023,5872
22316,3/22/2023,2568
22317,2/27/2023,0
22317,2/28/2023,0
22317,3/1/2023,0
22317,3/2/2023,0
22317,3/3/2023,0
22317,3/4/2023,0
22317,3/5/2023,0
22317,3/6/2023,3274
22317,3/7/2023,7142
22317,3/8/2023,7974
22317,3/9/2023,7346
22317,3/10/2023,4632
22317,3/11/2023,4611
22317,3/12/2023,5257
22317,3/13/2023,5444
22317,3/14/2023,5995
22317,3/15/2023,7510
22317,3/16/2023,3255
22317,3/17/2023,9229
22317,3/18/2023,114
22401,2/27/2023,0
22401,2/28/2023,0
22401,3/1/2023,0
22401,3/2/2023,3830
22401,3/3/2023,8668
22401,3/4/2023,1668
22401,3/5/2023,2940
22401,3/6/2023,8789
22401,3/7/2023,8380
22401,3/8/2023,7178
22401,3/9/2023,6767
22401,3/10/2023,5810
22401,3/11/2023,5678
22401,3/12/2023,2283
22401,3/13/2023,8387
22401,3/14/2023,6011
22401,3/15/2023,7982
22401,3/16/2023,6800
22401,3/17/2023,6889
22401,3/18/2023,8098
22401,3/19/2023,2676
22401,3/20/2023,112
22401,3/21/2023,3687
22401,3/22/2023,4051
22402,2/27/2023,0
22402,2/28/2023,0
22402,3/1/2023,0
22402,3/2/2023,0
22402,3/3/2023,2590
22402,3/4/2023,2315
22402,3/5/2023,2704
22402,3/6/2023,3723
22402,3/7/2023,4787
22402,3/8/2023,2590
22402,3/9/2023,3915
22402,3/10/2023,3323
22402,3/11/2023,1305
22402,3/12/2023,1809
22402,3/13/2023,2304
22402,3/14/2023,2995
22402,3/15/2023,1903
22402,3/16/2023,2755
22402,3/17/2023,2125
22402,3/18/2023,1046
22402,3/19/2023,1685
22402,3/20/2023,3024
22402,3/21/2023,3784
22402,3/22/2023,1169
22410,2/27/2023,0
22410,2/28/2023,230
22410,3/1/2023,12815
22410,3/2/2023,11387
22410,3/3/2023,13631
22410,3/4/2023,3426
22410,3/5/2023,6157
22410,3/6/2023,12064
22410,3/7/2023,12760
22410,3/8/2023,11550
22410,3/9/2023,12631
22410,3/10/2023,11844
22410,3/11/2023,6213
22410,3/12/2023,6407
22410,3/13/2023,5065
22410,3/14/2023,6084
22410,3/15/2023,11546
22410,3/16/2023,5837
22410,3/17/2023,11942
22410,3/18/2023,8974
22410,3/19/2023,7194
22410,3/20/2023,14558
22410,3/21/2023,11168
22410,3/22/2023,8675
22411,2/27/2023,0
22411,2/28/2023,0
22411,3/1/2023,0
22411,3/2/2023,1006
22411,3/3/2023,8668
22411,3/4/2023,694
22411,3/5/2023,1545
22411,3/6/2023,12649
22411,3/7/2023,10916
22411,3/8/2023,21408
22411,3/9/2023,15613
22411,3/10/2023,18098
22411,3/11/2023,9802
22411,3/12/2023,12342
22411,3/13/2023,11822
22411,3/14/2023,13690
22411,3/15/2023,5078
22411,3/16/2023,19404
22411,3/17/2023,20778
22411,3/18/2023,22157
22411,3/19/2023,14873
22411,3/20/2023,18483
22411,3/21/2023,0
22501,2/23/2023,5025
22501,2/24/2023,5616
22501,2/25/2023,2957
22501,2/26/2023,21124
22501,2/27/2023,5014
22501,2/28/2023,7543
22501,3/1/2023,3216
22501,3/2/2023,6593
22501,3/3/2023,12
22501,3/4/2023,3644
22501,3/5/2023,3337
22501,3/6/2023,5649
22501,3/7/2023,6753
22501,3/8/2023,4728
22501,3/9/2023,5756
22501,3/10/2023,0
22501,3/11/2023,0
22501,3/12/2023,2471
22501,3/13/2023,9178
22501,3/14/2023,6519
22501,3/15/2023,7553
22501,3/16/2023,6213
22501,3/17/2023,3468
22501,3/18/2023,3743
22501,3/19/2023,32402
22501,3/20/2023,23751
22501,3/21/2023,5676
22501,3/22/2023,2513
22502,2/23/2023,3477
22502,2/24/2023,6143
22502,2/25/2023,2449
22502,2/26/2023,4526
22502,2/27/2023,4504
22502,2/28/2023,5670
22502,3/1/2023,6913
22502,3/2/2023,3281
22502,3/3/2023,3605
22502,3/4/2023,3041
22502,3/5/2023,3759
22502,3/6/2023,2745
22502,3/7/2023,3738
22502,3/8/2023,6223
22502,3/9/2023,4297
22502,3/10/2023,2267
22502,3/11/2023,944
22502,3/12/2023,2439
22502,3/13/2023,3223
22502,3/14/2023,3297
22502,3/15/2023,3724
22502,3/16/2023,2780
22502,3/17/2023,3382
22502,3/18/2023,2786
22502,3/19/2023,4019
22502,3/20/2023,5310
22502,3/21/2023,5092
22502,3/22/2023,1149
22510,2/23/2023,10210
22510,2/24/2023,8043
22510,2/25/2023,7625
22510,2/26/2023,7910
22510,2/27/2023,8558
22510,2/28/2023,8781
22510,3/1/2023,6323
22510,3/2/2023,9106
22510,3/3/2023,6094
22510,3/4/2023,2919
22510,3/5/2023,5880
22510,3/6/2023,7346
22510,3/7/2023,9655
22510,3/8/2023,8208
22510,3/9/2023,9311
22510,3/10/2023,9570
22510,3/11/2023,3246
22510,3/12/2023,0
22510,3/13/2023,6628
22510,3/14/2023,5172
22510,3/15/2023,1144
22510,3/16/2023,0
22510,3/17/2023,0
22510,3/18/2023,0
22510,3/19/2023,0
22510,3/20/2023,0
22510,3/21/2023,1144
22510,3/22/2023,660
22511,2/23/2023,11088
22511,2/24/2023,8105
22511,2/25/2023,13033
22511,2/26/2023,3315
22511,2/27/2023,15497
22511,2/28/2023,7420
22511,3/1/2023,5705
22511,3/2/2023,5401
22511,3/3/2023,6775
22511,3/4/2023,10255
22511,3/5/2023,6491
22511,3/6/2023,6745
22511,3/7/2023,4753
22511,3/8/2023,7109
22511,3/9/2023,6797
22511,3/10/2023,10191
22511,3/11/2023,1100
22511,3/12/2023,7293
22511,3/13/2023,5144
22511,3/14/2023,3953
22511,3/15/2023,3591
22511,3/16/2023,5797
22511,3/17/2023,6270
22511,3/18/2023,8021
22512,2/23/2023,7505
22512,2/24/2023,6349
22512,2/25/2023,3558
22512,2/26/2023,4674
22512,2/27/2023,7767
22512,2/28/2023,7739
22512,3/1/2023,7356
22512,3/2/2023,6591
22512,3/3/2023,7155
22512,3/4/2023,6295
22512,3/5/2023,4224
22512,3/6/2023,8267
22512,3/7/2023,6173
22512,3/8/2023,7711
22512,3/9/2023,7953
22512,3/10/2023,7621
22512,3/11/2023,6692
22512,3/12/2023,3428
22512,3/13/2023,5255
22512,3/14/2023,3259
22512,3/15/2023,4859
22512,3/16/2023,5094
22512,3/17/2023,7167
22512,3/18/2023,4497
22512,3/19/2023,3995
22512,3/20/2023,7362
22512,3/21/2023,7310
22512,3/22/2023,553
22513,2/23/2023,10119
22513,2/24/2023,7302
22513,2/25/2023,2982
22513,2/26/2023,3330
22513,2/27/2023,7762
22513,2/28/2023,7497
22513,3/1/2023,9911
22513,3/2/2023,8108
22513,3/3/2023,9479
22513,3/4/2023,1388
22513,3/5/2023,2401
22513,3/6/2023,9809
22513,3/7/2023,11446
22513,3/8/2023,9385
22513,3/9/2023,7652
22513,3/10/2023,9806
22513,3/11/2023,3539
22513,3/12/2023,21
22513,3/13/2023,6064
22513,3/14/2023,3091
22513,3/15/2023,5306
22513,3/16/2023,2812
22513,3/17/2023,5385
22513,3/18/2023,6048
22513,3/19/2023,3649
22513,3/20/2023,8592
22513,3/21/2023,9039
22513,3/22/2023,0
22514,2/23/2023,4190
22514,2/24/2023,7501
22514,2/25/2023,1746
22514,2/26/2023,2802
22514,2/27/2023,5173
22514,2/28/2023,3379
22514,3/1/2023,4662
22514,3/2/2023,4023
22514,3/3/2023,2977
22514,3/4/2023,3257
22514,3/5/2023,4158
22514,3/6/2023,5301
22514,3/7/2023,6393
22514,3/8/2023,6122
22514,3/9/2023,4750
22514,3/10/2023,7075
22514,3/11/2023,1743
22514,3/12/2023,1048
22514,3/13/2023,3984
22514,3/14/2023,3671
22514,3/15/2023,3460
22514,3/16/2023,6063
22514,3/17/2023,8669
22514,3/18/2023,3421
22514,3/19/2023,816
22514,3/20/2023,0
22515,2/27/2023,0
22515,2/28/2023,10720
22515,3/1/2023,9338
22515,3/2/2023,7242
22515,3/3/2023,10005
22515,3/4/2023,5642
22515,3/5/2023,2401
22515,3/6/2023,575
22515,3/7/2023,13460
22515,3/8/2023,7430
22515,3/9/2023,7427
22515,3/10/2023,8906
22515,3/11/2023,1875
22515,3/12/2023,2369
22515,3/13/2023,7442
22515,3/14/2023,4983
22515,3/15/2023,3942
22515,3/16/2023,5320
22515,3/17/2023,6027
22515,3/18/2023,2381
22515,3/19/2023,4279
22515,3/20/2023,9845
22515,3/21/2023,12531
22515,3/22/2023,2717
22601,2/27/2023,0
22601,2/28/2023,7314
22601,3/1/2023,1629
22601,3/2/2023,660
22601,3/3/2023,1022
22601,3/4/2023,3888
22601,3/5/2023,699
22601,3/6/2023,781
22601,3/7/2023,2106
22601,3/8/2023,7391
22601,3/9/2023,7350
22601,3/10/2023,10994
22601,3/11/2023,7627
22601,3/12/2023,2655
22601,3/13/2023,0
22601,3/14/2023,0
22601,3/15/2023,0
22601,3/16/2023,0
22601,3/17/2023,0
22601,3/18/2023,0
22601,3/19/2023,0
22601,3/20/2023,0
22601,3/21/2023,2126
22601,3/22/2023,3169
22602,3/1/2023,7599
22602,3/2/2023,7526
22602,3/3/2023,10075
22602,3/4/2023,10394
22602,3/5/2023,7162
22602,3/6/2023,7105
22602,3/7/2023,7187
22602,3/8/2023,8924
22602,3/9/2023,8960
22602,3/10/2023,9021
22602,3/11/2023,0
22603,2/27/2023,0
22603,2/28/2023,7707
22603,3/1/2023,5731
22603,3/2/2023,6733
22603,3/3/2023,6734
22603,3/4/2023,6466
22603,3/5/2023,3305
22603,3/6/2023,6368
22603,3/7/2023,8060
22603,3/8/2023,5861
22603,3/9/2023,5472
22603,3/10/2023,6452
22603,3/11/2023,1214
22603,3/12/2023,3776
22603,3/13/2023,5824
22603,3/14/2023,5746
22603,3/15/2023,4499
22603,3/16/2023,4702
22603,3/17/2023,5567
22603,3/18/2023,2543
22603,3/19/2023,4305
22603,3/20/2023,9212
22603,3/21/2023,8998
22603,3/22/2023,3575
22604,2/27/2023,0
22604,2/28/2023,6655
22604,3/1/2023,9940
22604,3/2/2023,16210
22604,3/3/2023,11368
22604,3/4/2023,10553
22604,3/5/2023,10918
22604,3/6/2023,11176
22604,3/7/2023,10818
22604,3/8/2023,8266
22604,3/9/2023,17103
22604,3/10/2023,5815
22604,3/11/2023,8790
22604,3/12/2023,6009
22604,3/13/2023,9703
22604,3/14/2023,7736
22604,3/15/2023,12404
22604,3/16/2023,8362
22604,3/17/2023,11823
22604,3/18/2023,8190
22604,3/19/2023,8216
22604,3/20/2023,8360
22604,3/21/2023,10970
22604,3/22/2023,998
22605,2/27/2023,7465
22605,2/28/2023,2778
22605,3/1/2023,9203
22605,3/2/2023,7952
22605,3/3/2023,6772
22605,3/4/2023,3823
22605,3/5/2023,5095
22605,3/6/2023,7700
22605,3/7/2023,7856
22605,3/8/2023,8107
22605,3/9/2023,9035
22605,3/10/2023,10139
22605,3/11/2023,4716
22605,3/12/2023,2570
22605,3/13/2023,3750
22605,3/14/2023,3667
22605,3/15/2023,7290
22605,3/16/2023,6804
22605,3/17/2023,4601
22605,3/18/2023,3633
22605,3/19/2023,3547
22605,3/20/2023,6181
22605,3/21/2023,5796
22605,3/22/2023,4280
22610,2/27/2023,0
22610,2/28/2023,0
22610,3/1/2023,0
22610,3/2/2023,11001
22610,3/3/2023,9662
22610,3/4/2023,6428
22610,3/5/2023,10374
22610,3/6/2023,10431
22610,3/7/2023,2172
22610,3/8/2023,10218
22610,3/9/2023,8735
22610,3/10/2023,10062
22610,3/11/2023,6371
22610,3/12/2023,8767
22610,3/13/2023,7586
22610,3/14/2023,8075
22610,3/15/2023,6960
22610,3/16/2023,7543
22610,3/17/2023,11745
22610,3/18/2023,7732
22610,3/19/2023,4289
22610,3/20/2023,1442
22610,3/21/2023,1541
22611,2/27/2023,0
22611,2/28/2023,4310
22611,3/1/2023,9959
22611,3/2/2023,10152
22611,3/3/2023,7820
22611,3/4/2023,6742
22611,3/5/2023,5691
22611,3/6/2023,10596
22611,3/7/2023,7426
22611,3/8/2023,9058
22611,3/9/2023,8127
22611,3/10/2023,9928
22611,3/11/2023,8531
22611,3/12/2023,8061
22611,3/13/2023,6201
22611,3/14/2023,5330
22611,3/15/2023,9168
22611,3/16/2023,309
22611,3/17/2023,1362
22611,3/18/2023,264
22612,2/28/2023,1404
22612,3/1/2023,5485
22612,3/2/2023,6648
22612,3/3/2023,6387
22612,3/4/2023,4442
22612,3/5/2023,3693
22612,3/6/2023,2997
22612,3/7/2023,6796
22612,3/8/2023,0
22612,3/9/2023,5197
22612,3/10/2023,0
22612,3/11/2023,5
22612,3/12/2023,0
22612,3/13/2023,0
22612,3/14/2023,0
22612,3/15/2023,0
22612,3/16/2023,0
22612,3/17/2023,0
22612,3/18/2023,0
22612,3/19/2023,0
22612,3/20/2023,2921
22612,3/21/2023,6343
22612,3/22/2023,480
22613,3/1/2023,0
22613,3/2/2023,0
22613,3/3/2023,0
22613,3/4/2023,0
22613,3/5/2023,0
22613,3/6/2023,0
22613,3/7/2023,9992
22613,3/8/2023,11071
22613,3/9/2023,9025
22613,3/10/2023,11474
22613,3/11/2023,6564
22613,3/12/2023,7430
22613,3/13/2023,3886
22613,3/14/2023,6949
22613,3/15/2023,6276
22613,3/16/2023,4649
22613,3/17/2023,0
22613,3/18/2023,0
22613,3/19/2023,2544
22613,3/20/2023,13064
22613,3/21/2023,9437
22613,3/22/2023,4707
22614,3/1/2023,0
22614,3/2/2023,0
22614,3/3/2023,0
22614,3/4/2023,0
22614,3/5/2023,0
22614,3/6/2023,0
22614,3/7/2023,0
22616,3/1/2023,6846
22616,3/2/2023,7942
22616,3/3/2023,7988
22616,3/4/2023,5320
22616,3/5/2023,1101
22616,3/6/2023,6774
22616,3/7/2023,6395
22616,3/8/2023,7599
22616,3/9/2023,8904
22616,3/10/2023,7876
22616,3/11/2023,6459
22616,3/12/2023,3578
22616,3/13/2023,5323
22616,3/14/2023,3599
22616,3/15/2023,8928
22616,3/16/2023,5478
22616,3/17/2023,880
22616,3/18/2023,869
22616,3/19/2023,915
22616,3/20/2023,7971
22616,3/21/2023,7680
22616,3/22/2023,3590
22701,3/1/2023,0
22701,3/2/2023,0
22701,3/3/2023,3946
22701,3/4/2023,4683
22701,3/5/2023,1521
22701,3/6/2023,8097
22701,3/7/2023,7379
22701,3/8/2023,963
22701,3/9/2023,6409
22701,3/10/2023,7063
22701,3/11/2023,3270
22701,3/12/2023,1934
22701,3/13/2023,3511
22701,3/14/2023,4355
22701,3/15/2023,4003
22701,3/16/2023,4202
22701,3/17/2023,3032
22701,3/18/2023,2480
22701,3/19/2023,1715
22701,3/20/2023,7488
22701,3/21/2023,6523
22701,3/22/2023,2913
22710,3/7/2023,11109
22710,3/8/2023,17365
22710,3/9/2023,13901
22710,3/10/2023,11559
22710,3/11/2023,7560
22710,3/12/2023,5844
22710,3/13/2023,5822
22710,3/14/2023,4382
22710,3/15/2023,0
22710,3/16/2023,0
22710,3/17/2023,0
22710,3/18/2023,0
22710,3/19/2023,8
22710,3/20/2023,4088
22710,3/21/2023,0
22710,3/22/2023,7840
22711,2/25/2023,0
22712,2/25/2023,0
22712,2/26/2023,0
22712,2/27/2023,0
22712,2/28/2023,0
22712,3/1/2023,0
22712,3/2/2023,0
22712,3/3/2023,3702
22712,3/4/2023,5384
22712,3/5/2023,8555
22712,3/6/2023,128
22712,3/7/2023,11261
22712,3/8/2023,11273
22712,3/9/2023,12971
22712,3/10/2023,15180
22712,3/11/2023,5044
22712,3/12/2023,4775
22712,3/13/2023,7002
22712,3/14/2023,6983
22712,3/15/2023,6166
22712,3/16/2023,4453
22712,3/17/2023,7130
22712,3/18/2023,6596
22712,3/19/2023,3381
22712,3/20/2023,13995
22712,3/21/2023,10406
22712,3/22/2023,6335
22713,3/7/2023,0
22802,3/7/2023,0
22803,3/7/2023,14159
22803,3/8/2023,8615
22803,3/9/2023,11720
22803,3/10/2023,12507
22803,3/11/2023,1909
22803,3/12/2023,10608
22803,3/13/2023,7176
22803,3/14/2023,5307
22803,3/15/2023,5501
22803,3/16/2023,3263
22803,3/17/2023,4133
22803,3/18/2023,9486
22803,3/19/2023,5520
22803,3/20/2023,12221
22803,3/21/2023,12989
22803,3/22/2023,4579
22810,3/7/2023,7688
22810,3/8/2023,8127
22810,3/9/2023,9992
22810,3/10/2023,11647
22810,3/11/2023,5084
22810,3/12/2023,5318
22810,3/13/2023,8509
22810,3/14/2023,5673
22810,3/15/2023,5509
22810,3/16/2023,3813
22810,3/17/2023,7277
22810,3/18/2023,6185
22810,3/19/2023,7979
22810,3/20/2023,8924
22810,3/21/2023,8279
22810,3/22/2023,5934
22811,3/7/2023,8405
22811,3/8/2023,10064
22811,3/9/2023,10063
22811,3/10/2023,5790
22811,3/11/2023,5833
22811,3/12/2023,5229
22811,3/13/2023,3808
22811,3/14/2023,3795
22811,3/15/2023,4943
22811,3/16/2023,2632
22811,3/17/2023,6709
22811,3/18/2023,1871
22811,3/19/2023,1575
22811,3/20/2023,578
22811,3/21/2023,9063
22811,3/22/2023,5877
22812,3/7/2023,15295
22812,3/8/2023,9306
22812,3/9/2023,10600
22812,3/10/2023,14101
22812,3/11/2023,7958
22812,3/12/2023,5391
22812,3/13/2023,6827
22812,3/14/2023,6370
22812,3/15/2023,8276
22812,3/16/2023,5459
22812,3/17/2023,5138
22812,3/18/2023,5851
22812,3/19/2023,4387
22812,3/20/2023,12936
22812,3/21/2023,13092
22812,3/22/2023,6722
22813,3/7/2023,5632
22813,3/8/2023,6214
22813,3/9/2023,5656
22813,3/10/2023,6528
22813,3/11/2023,5390
22813,3/12/2023,8078
22813,3/13/2023,17272
22813,3/14/2023,5193
22813,3/15/2023,4100
22813,3/16/2023,3681
22813,3/17/2023,4672
22813,3/18/2023,3752
22813,3/19/2023,1665
22813,3/20/2023,8687
22813,3/21/2023,5390
22813,3/22/2023,3608
