Id,Date,TotalActiveZoneMinutes,FatBurnActiveZoneMinutes,CardioActiveZoneMinutes,PeakActiveZoneMinutes
21101,02/28/2023,9,9,0,0
21101,03/01/2023,22,22,0,0
21101,03/02/2023,23,23,0,0
21101,03/03/2023,70,56,14,0
21101,03/04/2023,112,110,2,0
21101,03/05/2023,103,93,10,0
21101,03/06/2023,1,1,0,0
21101,03/07/2023,14,14,0,0
21101,03/08/2023,41,41,0,0
21101,03/09/2023,170,142,28,0
21101,03/10/2023,138,94,44,0
21101,03/11/2023,47,47,0,0
21101,03/12/2023,142,122,20,0
21101,03/13/2023,10,10,0,0
21101,03/14/2023,73,67,6,0
21101,03/15/2023,31,31,0,0
21101,03/16/2023,110,110,0,0
21101,03/17/2023,31,31,0,0
21101,03/18/2023,54,28,26,0
21101,03/19/2023,6,6,0,0
21101,03/20/2023,31,31,0,0
21101,03/21/2023,50,50,0,0
21101,03/22/2023,17,17,0,0
21102,03/01/2023,7,7,0,0
21102,03/02/2023,32,32,0,0
21102,03/03/2023,24,24,0,0
21102,03/07/2023,5,5,0,0
21102,03/08/2023,34,30,4,0
21102,03/10/2023,2,0,2,0
21103,02/28/2023,22,22,0,0
21103,03/01/2023,13,13,0,0
21103,03/02/2023,41,29,12,0
21103,03/03/2023,3,3,0,0
21103,03/04/2023,86,36,50,0
21103,03/05/2023,5,5,0,0
21103,03/06/2023,28,28,0,0
21103,03/07/2023,3,1,2,0
21103,03/08/2023,7,7,0,0
21103,03/09/2023,36,34,2,0
21103,03/10/2023,4,4,0,0
21103,03/11/2023,296,280,16,0
21103,03/12/2023,11,11,0,0
21103,03/13/2023,60,54,6,0
21103,03/14/2023,1,1,0,0
21103,03/15/2023,7,7,0,0
21103,03/16/2023,6,6,0,0
21103,03/17/2023,1,1,0,0
21103,03/18/2023,15,15,0,0
21103,03/20/2023,16,16,0,0
21103,03/21/2023,3,3,0,0
21103,03/22/2023,1,1,0,0
21104,03/01/2023,14,14,0,0
21104,03/02/2023,4,4,0,0
21104,03/03/2023,5,5,0,0
21104,03/04/2023,15,15,0,0
21104,03/05/2023,29,29,0,0
21104,03/06/2023,27,27,0,0
21104,03/07/2023,10,10,0,0
21104,03/08/2023,8,8,0,0
21104,03/09/2023,3,3,0,0
21104,03/10/2023,1,1,0,0
21104,03/11/2023,13,13,0,0
21104,03/13/2023,4,4,0,0
21104,03/14/2023,5,5,0,0
21104,03/15/2023,14,14,0,0
21104,03/16/2023,2,2,0,0
21104,03/18/2023,3,3,0,0
21104,03/19/2023,6,6,0,0
21111,02/28/2023,18,18,0,0
21111,03/01/2023,3,3,0,0
21111,03/03/2023,1,1,0,0
21111,03/05/2023,8,8,0,0
21111,03/07/2023,2,2,0,0
21111,03/09/2023,7,7,0,0
21111,03/10/2023,2,2,0,0
21111,03/11/2023,34,34,0,0
21111,03/13/2023,8,2,6,0
21111,03/16/2023,1,1,0,0
21111,03/17/2023,13,11,2,0
21111,03/19/2023,1,1,0,0
21111,03/20/2023,1,1,0,0
21111,03/21/2023,2,2,0,0
21112,02/28/2023,26,26,0,0
21112,03/01/2023,70,38,32,0
21112,03/03/2023,9,9,0,0
21112,03/04/2023,3,3,0,0
21112,03/06/2023,16,16,0,0
21112,03/07/2023,14,12,2,0
21112,03/08/2023,4,4,0,0
21112,03/09/2023,61,19,42,0
21112,03/10/2023,41,31,10,0
21112,03/11/2023,42,42,0,0
21112,03/12/2023,44,32,12,0
21112,03/13/2023,5,5,0,0
21112,03/14/2023,6,6,0,0
21112,03/15/2023,6,6,0,0
21112,03/16/2023,75,61,12,2
21112,03/17/2023,2,0,2,0
21112,03/19/2023,11,11,0,0
21112,03/20/2023,7,7,0,0
21112,03/21/2023,16,8,8,0
21112,03/22/2023,1,1,0,0
21113,02/28/2023,7,7,0,0
21113,03/01/2023,7,5,2,0
21113,03/02/2023,8,8,0,0
21113,03/03/2023,29,27,2,0
21113,03/04/2023,5,5,0,0
21113,03/05/2023,90,90,0,0
21113,03/06/2023,6,6,0,0
21113,03/07/2023,45,25,20,0
21113,03/08/2023,27,17,10,0
21113,03/09/2023,26,26,0,0
21113,03/10/2023,22,20,2,0
21113,03/11/2023,155,107,48,0
21113,03/12/2023,52,52,0,0
21113,03/13/2023,11,11,0,0
21113,03/14/2023,7,7,0,0
21113,03/15/2023,8,8,0,0
21113,03/16/2023,35,29,6,0
21113,03/17/2023,12,12,0,0
21113,03/18/2023,99,93,6,0
21113,03/19/2023,85,77,8,0
21113,03/20/2023,5,3,2,0
21113,03/21/2023,156,74,82,0
21113,03/22/2023,38,32,6,0
21114,02/28/2023,14,8,6,0
21114,03/01/2023,7,7,0,0
21114,03/02/2023,9,9,0,0
21114,03/03/2023,2,2,0,0
21114,03/04/2023,6,6,0,0
21114,03/05/2023,30,30,0,0
21114,03/06/2023,56,46,10,0
21114,03/07/2023,17,15,2,0
21114,03/08/2023,2,2,0,0
21114,03/09/2023,43,43,0,0
21114,03/10/2023,9,7,2,0
21114,03/11/2023,2,2,0,0
21114,03/13/2023,14,14,0,0
21114,03/14/2023,45,39,6,0
21114,03/15/2023,32,24,8,0
21114,03/16/2023,23,17,6,0
21114,03/17/2023,32,24,8,0
21114,03/18/2023,174,168,6,0
21114,03/19/2023,4,2,2,0
21114,03/20/2023,9,7,2,0
21114,03/21/2023,19,19,0,0
21114,03/22/2023,37,13,24,0
21115,02/28/2023,15,9,6,0
21115,03/01/2023,4,4,0,0
21115,03/03/2023,19,3,16,0
21115,03/04/2023,3,3,0,0
21115,03/05/2023,5,3,2,0
21115,03/06/2023,7,5,0,2
21115,03/07/2023,35,31,4,0
21115,03/08/2023,27,15,8,4
21115,03/09/2023,3,3,0,0
21115,03/10/2023,6,6,0,0
21115,03/11/2023,2,2,0,0
21115,03/12/2023,1,1,0,0
21115,03/13/2023,2,2,0,0
21115,03/15/2023,9,3,6,0
21115,03/16/2023,15,13,2,0
21115,03/17/2023,6,6,0,0
21115,03/18/2023,1,1,0,0
21115,03/19/2023,20,20,0,0
21115,03/20/2023,4,4,0,0
21115,03/21/2023,8,8,0,0
21115,03/22/2023,3,3,0,0
21116,02/28/2023,25,17,8,0
21116,03/01/2023,23,15,8,0
21116,03/02/2023,14,6,8,0
21116,03/03/2023,29,29,0,0
21116,03/06/2023,4,4,0,0
21116,03/09/2023,16,10,6,0
21116,03/10/2023,45,35,10,0
21116,03/11/2023,3,1,2,0
21116,03/12/2023,6,6,0,0
21116,03/13/2023,32,32,0,0
21116,03/14/2023,7,3,4,0
21116,03/15/2023,1,1,0,0
21116,03/16/2023,35,19,16,0
21116,03/17/2023,15,9,6,0
21116,03/20/2023,28,28,0,0
21117,03/01/2023,10,10,0,0
21117,03/02/2023,40,36,4,0
21117,03/03/2023,13,13,0,0
21117,03/05/2023,40,28,12,0
21117,03/06/2023,19,13,6,0
21117,03/08/2023,50,40,10,0
21117,03/09/2023,50,48,2,0
21117,03/10/2023,15,11,4,0
21117,03/11/2023,48,26,22,0
21117,03/12/2023,6,6,0,0
21117,03/13/2023,52,32,20,0
21117,03/14/2023,19,17,2,0
21117,03/15/2023,35,23,12,0
21117,03/16/2023,10,8,2,0
21117,03/17/2023,39,29,10,0
21118,03/03/2023,34,34,0,0
21118,03/04/2023,97,93,4,0
21118,03/05/2023,7,7,0,0
21118,03/06/2023,9,9,0,0
21118,03/10/2023,10,10,0,0
21118,03/11/2023,5,5,0,0
21118,03/12/2023,4,4,0,0
21118,03/13/2023,1,1,0,0
21118,03/14/2023,14,14,0,0
21118,03/15/2023,25,23,2,0
21118,03/16/2023,51,33,18,0
21118,03/17/2023,10,10,0,0
21118,03/18/2023,12,12,0,0
21118,03/19/2023,3,3,0,0
21118,03/20/2023,69,35,34,0
21118,03/21/2023,49,25,24,0
21118,03/22/2023,14,14,0,0
21119,02/28/2023,7,3,4,0
21119,03/01/2023,1,1,0,0
21119,03/02/2023,49,33,16,0
21119,03/03/2023,7,7,0,0
21119,03/04/2023,15,11,4,0
21119,03/05/2023,3,3,0,0
21119,03/06/2023,13,13,0,0
21119,03/07/2023,11,11,0,0
21119,03/08/2023,1,1,0,0
21119,03/09/2023,12,12,0,0
21119,03/10/2023,1,1,0,0
21119,03/11/2023,1,1,0,0
21119,03/12/2023,5,5,0,0
21119,03/13/2023,1,1,0,0
21119,03/14/2023,3,3,0,0
21119,03/21/2023,52,52,0,0
21119,03/22/2023,5,5,0,0
21120,02/28/2023,2,2,0,0
21120,03/02/2023,7,7,0,0
21120,03/03/2023,27,25,2,0
21120,03/04/2023,3,1,2,0
21120,03/06/2023,4,4,0,0
21120,03/07/2023,12,12,0,0
21120,03/08/2023,10,10,0,0
21120,03/09/2023,6,6,0,0
21120,03/10/2023,3,3,0,0
21120,03/11/2023,14,14,0,0
21120,03/12/2023,2,2,0,0
21120,03/13/2023,2,2,0,0
21120,03/14/2023,19,7,12,0
21120,03/15/2023,2,2,0,0
21120,03/16/2023,1,1,0,0
21120,03/17/2023,7,7,0,0
21120,03/18/2023,12,12,0,0
21120,03/21/2023,28,26,2,0
21120,03/22/2023,3,3,0,0
21121,02/28/2023,33,19,14,0
21121,03/01/2023,32,12,20,0
21121,03/02/2023,18,18,0,0
21121,03/03/2023,1,1,0,0
21121,03/06/2023,31,31,0,0
21121,03/07/2023,3,3,0,0
21121,03/08/2023,5,5,0,0
21121,03/09/2023,100,58,42,0
21121,03/13/2023,55,41,14,0
21121,03/14/2023,19,19,0,0
21121,03/15/2023,35,31,4,0
21121,03/16/2023,48,42,6,0
21121,03/17/2023,2,2,0,0
21122,02/28/2023,39,35,4,0
21122,03/01/2023,7,7,0,0
21122,03/03/2023,84,62,22,0
21122,03/07/2023,5,3,2,0
21122,03/10/2023,3,3,0,0
21122,03/11/2023,1,1,0,0
21122,03/12/2023,4,4,0,0
21122,03/13/2023,2,2,0,0
21122,03/14/2023,4,4,0,0
21122,03/19/2023,4,2,2,0
21122,03/20/2023,34,34,0,0
21122,03/21/2023,13,13,0,0
21123,02/28/2023,14,14,0,0
21123,03/01/2023,1,1,0,0
21123,03/02/2023,9,9,0,0
21123,03/03/2023,8,6,2,0
21123,03/04/2023,1,1,0,0
21123,03/05/2023,4,2,2,0
21123,03/06/2023,1,1,0,0
21123,03/07/2023,1,1,0,0
21123,03/09/2023,2,2,0,0
21123,03/10/2023,2,2,0,0
21123,03/12/2023,17,17,0,0
21123,03/13/2023,3,3,0,0
21123,03/14/2023,22,10,12,0
21123,03/16/2023,6,6,0,0
21123,03/17/2023,10,10,0,0
21123,03/18/2023,7,7,0,0
21123,03/19/2023,6,6,0,0
21124,02/28/2023,54,44,10,0
21124,03/01/2023,122,38,84,0
21124,03/02/2023,23,23,0,0
21124,03/03/2023,125,45,80,0
21124,03/04/2023,82,80,2,0
21124,03/05/2023,77,37,40,0
21124,03/06/2023,78,22,56,0
21124,03/07/2023,36,30,6,0
21124,03/08/2023,98,36,62,0
21124,03/09/2023,30,30,0,0
21124,03/10/2023,17,9,8,0
21124,03/11/2023,278,154,124,0
21124,03/12/2023,70,54,16,0
21124,03/14/2023,79,59,20,0
21124,03/15/2023,6,6,0,0
21124,03/16/2023,95,77,18,0
21124,03/17/2023,26,26,0,0
21124,03/18/2023,272,176,96,0
21124,03/19/2023,276,160,116,0
21124,03/20/2023,122,48,74,0
21124,03/21/2023,16,16,0,0
21124,03/22/2023,6,6,0,0
21125,02/28/2023,64,62,2,0
21125,03/01/2023,72,64,8,0
21125,03/02/2023,43,43,0,0
21125,03/03/2023,37,25,12,0
21125,03/09/2023,20,16,4,0
21125,03/11/2023,12,12,0,0
21125,03/13/2023,3,3,0,0
21125,03/15/2023,8,8,0,0
21125,03/17/2023,12,10,2,0
21201,03/01/2023,3,3,0,0
21201,03/02/2023,3,3,0,0
21201,03/05/2023,4,4,0,0
21201,03/06/2023,1,1,0,0
21201,03/08/2023,7,7,0,0
21201,03/09/2023,1,1,0,0
21201,03/12/2023,14,2,12,0
21201,03/14/2023,2,2,0,0
21201,03/15/2023,2,2,0,0
21201,03/16/2023,1,1,0,0
21201,03/17/2023,1,1,0,0
21201,03/19/2023,4,4,0,0
21201,03/21/2023,12,12,0,0
21201,03/22/2023,6,6,0,0
21202,02/28/2023,36,30,6,0
21202,03/01/2023,42,26,14,2
21202,03/02/2023,52,20,20,12
21202,03/03/2023,17,17,0,0
21202,03/04/2023,151,123,28,0
21202,03/05/2023,43,13,20,10
21202,03/06/2023,56,14,42,0
21202,03/07/2023,74,44,28,2
21202,03/08/2023,24,10,14,0
21202,03/09/2023,6,6,0,0
21202,03/10/2023,22,22,0,0
21202,03/11/2023,165,97,68,0
21202,03/12/2023,2,2,0,0
21202,03/13/2023,40,16,12,12
21202,03/14/2023,50,18,26,6
21202,03/15/2023,49,25,16,8
21202,03/16/2023,50,34,16,0
21202,03/17/2023,47,47,0,0
21202,03/18/2023,85,33,48,4
21202,03/19/2023,52,24,28,0
21202,03/20/2023,34,10,6,18
21202,03/21/2023,10,10,0,0
21202,03/22/2023,3,3,0,0
21203,03/01/2023,2,2,0,0
21203,03/02/2023,2,2,0,0
21203,03/03/2023,11,7,4,0
21203,03/04/2023,5,5,0,0
21203,03/05/2023,11,9,2,0
21203,03/07/2023,7,7,0,0
21203,03/08/2023,1,1,0,0
21203,03/09/2023,5,1,4,0
21203,03/10/2023,4,4,0,0
21203,03/11/2023,3,1,2,0
21203,03/12/2023,9,9,0,0
21203,03/13/2023,4,2,2,0
21203,03/14/2023,2,2,0,0
21203,03/15/2023,11,9,2,0
21203,03/17/2023,3,1,2,0
21203,03/18/2023,12,10,2,0
21203,03/19/2023,18,18,0,0
21203,03/20/2023,3,3,0,0
21205,03/01/2023,7,7,0,0
21205,03/02/2023,15,15,0,0
21205,03/03/2023,4,4,0,0
21205,03/04/2023,6,6,0,0
21205,03/08/2023,3,3,0,0
21205,03/10/2023,5,5,0,0
21205,03/11/2023,62,14,48,0
21205,03/12/2023,1,1,0,0
21205,03/19/2023,9,9,0,0
21205,03/20/2023,171,157,14,0
21205,03/21/2023,51,49,2,0
21211,02/28/2023,63,33,18,12
21211,03/01/2023,15,15,0,0
21211,03/02/2023,9,9,0,0
21211,03/03/2023,42,40,2,0
21211,03/04/2023,141,123,18,0
21211,03/05/2023,6,6,0,0
21211,03/06/2023,18,18,0,0
21211,03/07/2023,7,7,0,0
21211,03/08/2023,11,11,0,0
21211,03/09/2023,40,16,12,12
21211,03/10/2023,57,53,4,0
21211,03/11/2023,25,25,0,0
21211,03/12/2023,9,9,0,0
21211,03/13/2023,11,11,0,0
21211,03/14/2023,2,2,0,0
21211,03/15/2023,47,47,0,0
21211,03/16/2023,15,15,0,0
21211,03/17/2023,23,23,0,0
21211,03/18/2023,2,2,0,0
21211,03/19/2023,10,10,0,0
21212,02/28/2023,23,23,0,0
21212,03/01/2023,20,20,0,0
21212,03/02/2023,37,37,0,0
21212,03/03/2023,2,2,0,0
21212,03/05/2023,11,11,0,0
21212,03/06/2023,9,9,0,0
21212,03/07/2023,4,4,0,0
21212,03/09/2023,45,45,0,0
21212,03/10/2023,21,19,2,0
21212,03/11/2023,12,12,0,0
21212,03/12/2023,24,24,0,0
21212,03/13/2023,24,24,0,0
21212,03/15/2023,5,5,0,0
21212,03/17/2023,2,2,0,0
21212,03/18/2023,11,11,0,0
21212,03/20/2023,58,58,0,0
21212,03/21/2023,13,11,2,0
21213,02/28/2023,36,22,14,0
21213,03/01/2023,45,37,8,0
21213,03/02/2023,47,41,6,0
21213,03/03/2023,43,35,8,0
21213,03/04/2023,12,12,0,0
21213,03/05/2023,46,40,6,0
21213,03/06/2023,52,8,44,0
21213,03/07/2023,20,12,8,0
21213,03/08/2023,22,22,0,0
21213,03/09/2023,58,34,22,2
21213,03/10/2023,8,4,4,0
21213,03/11/2023,16,8,8,0
21213,03/12/2023,32,26,6,0
21213,03/13/2023,14,14,0,0
21213,03/14/2023,8,4,4,0
21213,03/15/2023,20,16,4,0
21213,03/16/2023,31,31,0,0
21213,03/17/2023,11,11,0,0
21213,03/18/2023,1,1,0,0
21213,03/19/2023,67,31,36,0
21213,03/20/2023,115,61,54,0
21213,03/21/2023,36,26,10,0
21214,03/02/2023,6,6,0,0
21214,03/03/2023,12,12,0,0
21214,03/04/2023,16,16,0,0
21214,03/05/2023,32,26,6,0
21215,02/28/2023,10,10,0,0
21215,03/01/2023,17,17,0,0
21215,03/02/2023,21,19,2,0
21215,03/03/2023,37,15,14,8
21215,03/04/2023,8,8,0,0
21215,03/05/2023,11,11,0,0
21215,03/06/2023,8,8,0,0
21215,03/07/2023,25,25,0,0
21215,03/08/2023,23,11,12,0
21215,03/09/2023,64,44,20,0
21215,03/10/2023,29,19,10,0
21215,03/11/2023,9,9,0,0
21215,03/12/2023,33,29,4,0
21215,03/13/2023,18,16,2,0
21215,03/14/2023,14,14,0,0
21215,03/16/2023,4,4,0,0
21215,03/17/2023,1,1,0,0
21215,03/18/2023,14,14,0,0
21215,03/19/2023,3,3,0,0
21215,03/20/2023,28,6,16,6
21215,03/22/2023,1,1,0,0
21216,02/28/2023,6,6,0,0
21216,03/01/2023,15,15,0,0
21216,03/02/2023,11,11,0,0
21216,03/03/2023,32,32,0,0
21216,03/04/2023,4,4,0,0
21216,03/05/2023,5,5,0,0
21216,03/06/2023,30,26,4,0
21216,03/07/2023,28,20,8,0
21216,03/08/2023,10,10,0,0
21216,03/09/2023,14,14,0,0
21216,03/10/2023,16,16,0,0
21216,03/11/2023,3,3,0,0
21216,03/12/2023,34,20,14,0
21216,03/13/2023,18,12,6,0
21216,03/14/2023,7,7,0,0
21216,03/15/2023,10,10,0,0
21216,03/16/2023,2,2,0,0
21216,03/17/2023,5,5,0,0
21216,03/18/2023,98,98,0,0
21216,03/19/2023,7,7,0,0
21216,03/20/2023,7,7,0,0
21216,03/21/2023,9,3,6,0
21216,03/22/2023,2,2,0,0
21217,02/28/2023,6,6,0,0
21217,03/01/2023,1,1,0,0
21217,03/02/2023,9,5,4,0
21217,03/03/2023,11,11,0,0
21217,03/04/2023,8,8,0,0
21217,03/05/2023,19,19,0,0
21217,03/06/2023,3,3,0,0
21217,03/07/2023,4,4,0,0
21217,03/08/2023,8,8,0,0
21217,03/09/2023,3,3,0,0
21217,03/10/2023,16,16,0,0
21217,03/11/2023,14,10,4,0
21217,03/12/2023,3,3,0,0
21217,03/13/2023,1,1,0,0
21217,03/15/2023,3,3,0,0
21217,03/16/2023,4,4,0,0
21217,03/17/2023,21,21,0,0
21217,03/18/2023,1,1,0,0
21217,03/19/2023,3,3,0,0
21217,03/20/2023,16,16,0,0
21217,03/21/2023,7,7,0,0
21218,02/28/2023,5,5,0,0
21218,03/01/2023,24,22,2,0
21218,03/02/2023,63,7,38,18
21218,03/03/2023,2,2,0,0
21218,03/04/2023,8,8,0,0
21218,03/05/2023,11,11,0,0
21218,03/06/2023,16,14,2,0
21218,03/07/2023,17,15,2,0
21218,03/08/2023,49,43,6,0
21218,03/09/2023,1,1,0,0
21218,03/10/2023,53,53,0,0
21218,03/11/2023,46,44,2,0
21218,03/12/2023,48,46,2,0
21218,03/13/2023,12,8,4,0
21218,03/14/2023,31,31,0,0
21218,03/15/2023,126,102,24,0
21218,03/16/2023,234,194,40,0
21218,03/17/2023,122,120,2,0
21218,03/19/2023,10,10,0,0
21218,03/20/2023,24,24,0,0
21218,03/21/2023,5,5,0,0
21218,03/22/2023,12,12,0,0
21219,03/01/2023,11,9,2,0
21219,03/02/2023,70,52,18,0
21219,03/03/2023,40,38,2,0
21219,03/04/2023,5,5,0,0
21219,03/06/2023,8,8,0,0
21219,03/07/2023,28,28,0,0
21219,03/08/2023,10,8,2,0
21219,03/11/2023,16,12,4,0
21219,03/20/2023,29,25,4,0
21219,03/21/2023,39,37,2,0
21219,03/22/2023,41,33,8,0
21220,02/28/2023,39,39,0,0
21220,03/01/2023,50,50,0,0
21220,03/02/2023,15,13,2,0
21220,03/03/2023,35,27,8,0
21220,03/04/2023,130,124,6,0
21220,03/05/2023,32,32,0,0
21220,03/06/2023,164,88,76,0
21220,03/07/2023,194,180,14,0
21220,03/08/2023,45,45,0,0
21220,03/09/2023,150,86,64,0
21220,03/10/2023,13,11,2,0
21220,03/11/2023,18,18,0,0
21220,03/12/2023,45,31,14,0
21220,03/13/2023,84,60,24,0
21220,03/15/2023,51,51,0,0
21220,03/16/2023,67,65,2,0
21220,03/17/2023,15,15,0,0
21220,03/18/2023,7,7,0,0
21220,03/19/2023,12,12,0,0
21220,03/20/2023,20,20,0,0
21220,03/21/2023,65,55,10,0
21220,03/22/2023,1,1,0,0
21221,02/28/2023,6,6,0,0
21221,03/01/2023,5,5,0,0
21221,03/02/2023,1,1,0,0
21221,03/03/2023,23,9,14,0
21221,03/04/2023,6,6,0,0
21221,03/06/2023,2,2,0,0
21221,03/07/2023,4,2,2,0
21221,03/09/2023,1,1,0,0
21221,03/10/2023,12,10,2,0
21221,03/11/2023,20,16,4,0
21221,03/12/2023,43,29,14,0
21221,03/13/2023,4,4,0,0
21221,03/14/2023,3,3,0,0
21221,03/15/2023,1,1,0,0
21221,03/16/2023,14,14,0,0
21221,03/17/2023,6,6,0,0
21221,03/19/2023,19,7,12,0
21221,03/20/2023,4,4,0,0
21221,03/21/2023,8,8,0,0
21221,03/22/2023,4,2,2,0
21222,02/28/2023,25,23,2,0
21222,03/01/2023,38,20,18,0
21222,03/02/2023,42,18,22,2
21222,03/03/2023,36,24,12,0
21222,03/04/2023,19,17,2,0
21222,03/05/2023,33,23,6,4
21222,03/06/2023,55,31,18,6
21222,03/07/2023,75,41,26,8
21222,03/08/2023,59,37,18,4
21222,03/09/2023,51,31,16,4
21222,03/10/2023,97,61,20,16
21222,03/11/2023,75,75,0,0
21222,03/12/2023,48,28,10,10
21222,03/13/2023,72,44,10,18
21222,03/14/2023,63,55,6,2
21222,03/15/2023,18,18,0,0
21222,03/16/2023,52,38,14,0
21222,03/17/2023,15,15,0,0
21222,03/18/2023,98,90,8,0
21222,03/19/2023,56,30,26,0
21222,03/20/2023,133,119,10,4
21222,03/21/2023,59,39,10,10
21222,03/22/2023,23,7,8,8
21223,03/02/2023,1,1,0,0
21223,03/03/2023,1,1,0,0
21223,03/05/2023,11,11,0,0
21223,03/06/2023,42,20,22,0
21223,03/07/2023,25,3,22,0
21223,03/08/2023,24,20,4,0
21223,03/09/2023,1,1,0,0
21223,03/14/2023,2,2,0,0
21223,03/15/2023,12,2,10,0
21223,03/17/2023,6,6,0,0
21223,03/18/2023,1,1,0,0
21223,03/19/2023,1,1,0,0
21223,03/20/2023,17,13,4,0
21223,03/21/2023,23,11,12,0
21224,03/01/2023,93,81,12,0
21224,03/02/2023,114,82,32,0
21224,03/03/2023,138,130,8,0
21224,03/04/2023,133,133,0,0
21224,03/05/2023,195,195,0,0
21224,03/06/2023,129,121,8,0
21224,03/07/2023,146,146,0,0
21224,03/08/2023,59,57,2,0
21224,03/09/2023,81,79,2,0
21224,03/10/2023,178,174,4,0
21224,03/11/2023,226,224,2,0
21224,03/12/2023,46,42,4,0
21224,03/13/2023,103,93,10,0
21224,03/14/2023,100,100,0,0
21224,03/15/2023,59,57,2,0
21224,03/16/2023,21,21,0,0
21224,03/17/2023,2,0,2,0
21224,03/18/2023,98,94,4,0
21224,03/19/2023,9,9,0,0
21225,02/28/2023,6,6,0,0
21225,03/01/2023,9,9,0,0
21225,03/02/2023,60,60,0,0
21225,03/03/2023,21,21,0,0
21225,03/04/2023,51,51,0,0
21225,03/05/2023,40,36,4,0
21225,03/06/2023,21,21,0,0
21225,03/07/2023,142,132,10,0
21225,03/08/2023,110,74,36,0
21225,03/09/2023,35,35,0,0
21225,03/10/2023,51,49,2,0
21225,03/11/2023,17,17,0,0
21225,03/12/2023,20,14,6,0
21225,03/13/2023,52,40,12,0
21225,03/14/2023,2,0,2,0
21225,03/15/2023,9,9,0,0
21225,03/16/2023,12,12,0,0
21225,03/17/2023,38,36,2,0
21225,03/18/2023,34,20,14,0
21225,03/19/2023,6,6,0,0
21225,03/20/2023,7,7,0,0
21225,03/21/2023,19,19,0,0
21226,02/28/2023,8,8,0,0
21226,03/01/2023,135,25,110,0
21226,03/02/2023,176,30,146,0
21226,03/04/2023,8,6,2,0
21226,03/05/2023,1,1,0,0
21226,03/06/2023,5,5,0,0
21226,03/07/2023,19,19,0,0
21226,03/08/2023,1,1,0,0
21226,03/15/2023,31,27,4,0
21226,03/16/2023,7,7,0,0
21226,03/17/2023,12,12,0,0
21226,03/20/2023,4,4,0,0
21226,03/21/2023,55,37,18,0
21226,03/22/2023,16,12,4,0
21227,02/28/2023,278,38,188,52
21227,03/01/2023,305,71,114,120
21227,03/02/2023,137,47,78,12
21227,03/04/2023,4,4,0,0
21227,03/05/2023,291,35,172,84
21227,03/06/2023,154,36,94,24
21227,03/07/2023,88,18,58,12
21227,03/08/2023,192,102,88,2
21227,03/09/2023,319,73,150,96
21227,03/10/2023,45,33,12,0
21227,03/11/2023,77,35,40,2
21227,03/12/2023,193,73,100,20
21227,03/13/2023,222,64,132,26
21227,03/14/2023,263,135,104,24
21227,03/15/2023,212,56,138,18
21227,03/16/2023,161,77,60,24
21227,03/17/2023,135,51,64,20
21227,03/18/2023,291,141,88,62
21227,03/19/2023,332,52,160,120
21227,03/20/2023,262,18,154,90
21227,03/21/2023,120,26,82,12
21227,03/22/2023,95,35,40,20
21228,03/01/2023,2,2,0,0
21228,03/02/2023,26,18,4,4
21228,03/03/2023,54,20,26,8
21228,03/04/2023,18,14,4,0
21228,03/05/2023,7,7,0,0
21228,03/06/2023,38,30,8,0
21228,03/07/2023,59,19,32,8
21228,03/08/2023,64,48,16,0
21228,03/09/2023,35,29,6,0
21228,03/10/2023,26,24,0,2
21228,03/11/2023,7,7,0,0
21228,03/12/2023,69,55,14,0
21228,03/13/2023,21,21,0,0
21228,03/14/2023,3,3,0,0
21228,03/15/2023,17,17,0,0
21228,03/16/2023,9,9,0,0
21228,03/17/2023,4,4,0,0
21228,03/18/2023,8,8,0,0
21228,03/19/2023,15,15,0,0
21228,03/20/2023,32,26,6,0
21228,03/21/2023,35,25,10,0
21228,03/22/2023,18,18,0,0
21301,02/28/2023,1,1,0,0
21301,03/01/2023,2,2,0,0
21301,03/02/2023,3,3,0,0
21301,03/06/2023,10,6,4,0
21301,03/07/2023,4,0,4,0
21301,03/08/2023,9,9,0,0
21301,03/09/2023,4,4,0,0
21301,03/10/2023,4,4,0,0
21301,03/11/2023,3,3,0,0
21301,03/12/2023,9,7,2,0
21301,03/13/2023,25,25,0,0
21301,03/14/2023,19,17,2,0
21301,03/15/2023,23,23,0,0
21301,03/16/2023,5,5,0,0
21301,03/17/2023,37,37,0,0
21301,03/18/2023,9,5,4,0
21301,03/20/2023,4,4,0,0
21301,03/21/2023,1,1,0,0
21302,02/28/2023,23,23,0,0
21302,03/01/2023,15,15,0,0
21302,03/02/2023,9,9,0,0
21302,03/03/2023,94,86,8,0
21302,03/04/2023,40,40,0,0
21302,03/05/2023,24,24,0,0
21302,03/06/2023,21,21,0,0
21302,03/07/2023,16,16,0,0
21302,03/08/2023,2,2,0,0
21302,03/09/2023,39,37,2,0
21302,03/10/2023,36,36,0,0
21302,03/11/2023,50,50,0,0
21302,03/12/2023,13,13,0,0
21302,03/13/2023,5,5,0,0
21302,03/14/2023,30,24,2,4
21302,03/15/2023,32,32,0,0
21302,03/16/2023,114,108,6,0
21302,03/17/2023,2,2,0,0
21302,03/19/2023,74,70,4,0
21302,03/20/2023,20,14,6,0
21302,03/21/2023,15,15,0,0
21302,03/22/2023,1,1,0,0
21303,02/28/2023,71,69,2,0
21303,03/01/2023,61,61,0,0
21303,03/02/2023,29,29,0,0
21303,03/03/2023,22,22,0,0
21303,03/04/2023,18,18,0,0
21303,03/05/2023,28,28,0,0
21303,03/06/2023,30,30,0,0
21303,03/07/2023,28,16,12,0
21303,03/08/2023,134,132,2,0
21303,03/09/2023,79,77,2,0
21303,03/10/2023,24,24,0,0
21303,03/12/2023,8,8,0,0
21303,03/13/2023,21,11,10,0
21303,03/14/2023,34,30,4,0
21303,03/15/2023,22,22,0,0
21303,03/16/2023,34,34,0,0
21303,03/17/2023,8,8,0,0
21303,03/18/2023,1,1,0,0
21303,03/19/2023,23,23,0,0
21303,03/20/2023,45,43,2,0
21303,03/21/2023,53,53,0,0
21304,03/02/2023,5,5,0,0
21304,03/03/2023,34,24,10,0
21304,03/04/2023,3,3,0,0
21304,03/05/2023,58,48,10,0
21304,03/11/2023,5,5,0,0
21304,03/12/2023,38,32,6,0
21304,03/13/2023,135,83,52,0
21304,03/14/2023,73,45,28,0
21304,03/16/2023,2,2,0,0
21304,03/19/2023,21,15,6,0
21305,03/01/2023,15,13,2,0
21305,03/03/2023,3,3,0,0
21305,03/04/2023,20,12,8,0
21305,03/06/2023,30,30,0,0
21305,03/07/2023,10,6,4,0
21305,03/08/2023,20,20,0,0
21305,03/09/2023,4,4,0,0
21305,03/10/2023,13,13,0,0
21305,03/11/2023,3,3,0,0
21305,03/12/2023,10,10,0,0
21305,03/13/2023,3,3,0,0
21305,03/14/2023,12,4,8,0
21305,03/15/2023,2,0,2,0
21305,03/16/2023,13,13,0,0
21305,03/17/2023,15,7,8,0
21305,03/18/2023,18,18,0,0
21305,03/19/2023,14,14,0,0
21305,03/22/2023,3,3,0,0
21306,02/28/2023,19,19,0,0
21306,03/01/2023,19,19,0,0
21306,03/02/2023,50,50,0,0
21306,03/03/2023,15,15,0,0
21306,03/04/2023,4,4,0,0
21306,03/05/2023,12,12,0,0
21306,03/06/2023,147,147,0,0
21306,03/07/2023,17,17,0,0
21306,03/08/2023,42,38,4,0
21306,03/09/2023,69,65,4,0
21306,03/10/2023,25,25,0,0
21306,03/11/2023,13,7,6,0
21306,03/12/2023,7,7,0,0
21306,03/13/2023,38,36,2,0
21306,03/14/2023,16,16,0,0
21306,03/15/2023,1,1,0,0
21306,03/16/2023,8,8,0,0
21306,03/17/2023,7,7,0,0
21306,03/18/2023,4,4,0,0
21306,03/19/2023,2,2,0,0
21306,03/20/2023,98,98,0,0
21306,03/21/2023,50,50,0,0
21307,02/28/2023,1,1,0,0
21307,03/01/2023,30,30,0,0
21307,03/02/2023,9,9,0,0
21307,03/03/2023,27,25,2,0
21307,03/04/2023,94,80,14,0
21307,03/05/2023,52,46,6,0
21307,03/07/2023,4,4,0,0
21307,03/08/2023,34,32,2,0
21307,03/10/2023,53,53,0,0
21307,03/11/2023,71,71,0,0
21307,03/12/2023,61,59,2,0
21307,03/13/2023,10,10,0,0
21307,03/14/2023,27,23,2,2
21307,03/15/2023,12,12,0,0
21307,03/16/2023,2,2,0,0
21307,03/17/2023,197,153,44,0
21307,03/18/2023,40,30,10,0
21307,03/19/2023,13,13,0,0
21307,03/20/2023,4,4,0,0
21307,03/21/2023,10,8,2,0
21307,03/22/2023,3,3,0,0
21311,02/28/2023,6,6,0,0
21311,03/01/2023,17,13,4,0
21311,03/02/2023,12,12,0,0
21311,03/03/2023,17,17,0,0
21311,03/04/2023,1,1,0,0
21311,03/05/2023,11,11,0,0
21311,03/06/2023,3,1,2,0
21311,03/07/2023,3,3,0,0
21311,03/08/2023,50,46,4,0
21311,03/09/2023,9,9,0,0
21311,03/10/2023,58,56,2,0
21311,03/21/2023,26,26,0,0
21312,02/28/2023,100,100,0,0
21312,03/01/2023,96,96,0,0
21312,03/02/2023,137,127,10,0
21312,03/03/2023,84,84,0,0
21312,03/04/2023,1,1,0,0
21312,03/05/2023,11,11,0,0
21312,03/06/2023,178,178,0,0
21312,03/08/2023,115,107,8,0
21312,03/09/2023,14,12,2,0
21312,03/10/2023,84,84,0,0
21312,03/13/2023,8,6,2,0
21312,03/14/2023,41,41,0,0
21312,03/15/2023,11,11,0,0
21312,03/17/2023,1,1,0,0
21312,03/19/2023,64,64,0,0
21312,03/20/2023,64,60,4,0
21312,03/21/2023,64,64,0,0
21312,03/22/2023,4,4,0,0
21313,02/28/2023,3,3,0,0
21313,03/01/2023,11,7,2,2
21313,03/02/2023,28,28,0,0
21313,03/03/2023,10,10,0,0
21313,03/04/2023,4,4,0,0
21313,03/05/2023,11,7,4,0
21313,03/06/2023,77,55,18,4
21313,03/07/2023,63,29,34,0
21313,03/08/2023,80,48,32,0
21313,03/09/2023,46,32,14,0
21313,03/10/2023,79,57,22,0
21313,03/11/2023,15,15,0,0
21313,03/12/2023,21,21,0,0
21313,03/13/2023,4,4,0,0
21313,03/15/2023,2,2,0,0
21313,03/17/2023,78,62,16,0
21313,03/18/2023,2,2,0,0
21313,03/19/2023,14,14,0,0
21313,03/20/2023,81,63,14,4
21313,03/22/2023,26,24,2,0
21314,02/28/2023,110,108,2,0
21314,03/01/2023,81,79,2,0
21314,03/02/2023,65,65,0,0
21314,03/03/2023,68,68,0,0
21314,03/04/2023,1,1,0,0
21314,03/05/2023,4,4,0,0
21314,03/06/2023,36,26,8,2
21314,03/07/2023,27,27,0,0
21314,03/08/2023,78,74,4,0
21314,03/09/2023,79,71,8,0
21314,03/10/2023,146,146,0,0
21314,03/11/2023,6,6,0,0
21314,03/12/2023,2,2,0,0
21314,03/13/2023,3,3,0,0
21314,03/14/2023,8,2,6,0
21314,03/15/2023,1,1,0,0
21314,03/16/2023,6,6,0,0
21314,03/17/2023,29,29,0,0
21314,03/18/2023,5,5,0,0
21314,03/19/2023,4,4,0,0
21314,03/20/2023,23,23,0,0
21314,03/21/2023,5,5,0,0
21314,03/22/2023,48,48,0,0
21315,02/28/2023,20,20,0,0
21315,03/01/2023,11,11,0,0
21315,03/02/2023,8,8,0,0
21315,03/03/2023,32,30,2,0
21315,03/04/2023,1,1,0,0
21315,03/05/2023,9,9,0,0
21315,03/06/2023,7,7,0,0
21315,03/07/2023,80,78,2,0
21315,03/08/2023,60,56,4,0
21315,03/09/2023,63,63,0,0
21315,03/10/2023,90,86,4,0
21315,03/11/2023,15,15,0,0
21315,03/12/2023,92,92,0,0
21315,03/13/2023,60,60,0,0
21315,03/14/2023,5,5,0,0
21315,03/15/2023,36,36,0,0
21315,03/16/2023,25,25,0,0
21315,03/17/2023,69,69,0,0
21315,03/18/2023,5,5,0,0
21315,03/19/2023,11,11,0,0
21315,03/20/2023,33,33,0,0
21316,02/28/2023,24,10,14,0
21316,03/01/2023,10,10,0,0
21316,03/02/2023,39,19,20,0
21316,03/03/2023,61,29,32,0
21316,03/04/2023,1,1,0,0
21316,03/05/2023,10,10,0,0
21316,03/06/2023,9,9,0,0
21316,03/07/2023,20,14,6,0
21316,03/09/2023,3,3,0,0
21316,03/10/2023,42,42,0,0
21316,03/11/2023,8,8,0,0
21316,03/12/2023,1,1,0,0
21316,03/13/2023,4,4,0,0
21316,03/15/2023,11,7,4,0
21316,03/17/2023,1,1,0,0
21316,03/18/2023,3,3,0,0
21316,03/19/2023,12,12,0,0
21316,03/20/2023,10,4,6,0
21316,03/21/2023,3,3,0,0
21316,03/22/2023,9,5,4,0
21317,02/28/2023,8,8,0,0
21317,03/01/2023,3,3,0,0
21317,03/02/2023,6,4,2,0
21317,03/03/2023,9,9,0,0
21317,03/04/2023,13,7,6,0
21317,03/05/2023,5,5,0,0
21317,03/06/2023,10,6,4,0
21317,03/07/2023,36,26,6,4
21317,03/08/2023,24,16,8,0
21317,03/09/2023,5,5,0,0
21317,03/10/2023,4,4,0,0
21317,03/11/2023,10,4,6,0
21317,03/12/2023,3,1,2,0
21317,03/13/2023,7,7,0,0
21317,03/14/2023,15,15,0,0
21317,03/15/2023,49,49,0,0
21317,03/16/2023,30,26,4,0
21317,03/17/2023,5,5,0,0
21317,03/19/2023,5,5,0,0
21317,03/20/2023,14,14,0,0
21317,03/21/2023,11,11,0,0
21317,03/22/2023,2,2,0,0
21318,02/28/2023,4,4,0,0
21318,03/01/2023,58,28,20,10
21318,03/02/2023,4,4,0,0
21318,03/03/2023,54,16,20,18
21318,03/04/2023,12,4,8,0
21318,03/05/2023,10,8,2,0
21318,03/06/2023,45,25,10,10
21318,03/07/2023,35,17,18,0
21318,03/08/2023,98,64,32,2
21318,03/09/2023,104,24,44,36
21318,03/10/2023,65,11,50,4
21318,03/11/2023,5,5,0,0
21318,03/12/2023,11,11,0,0
21318,03/13/2023,5,5,0,0
21318,03/14/2023,5,5,0,0
21318,03/15/2023,33,29,4,0
21318,03/16/2023,8,8,0,0
21318,03/17/2023,4,4,0,0
21318,03/18/2023,10,6,4,0
21318,03/19/2023,3,3,0,0
21318,03/20/2023,51,13,36,2
21318,03/21/2023,39,21,18,0
21318,03/22/2023,27,23,4,0
21319,02/28/2023,35,33,2,0
21319,03/01/2023,4,4,0,0
21319,03/02/2023,43,43,0,0
21319,03/03/2023,19,13,6,0
21319,03/04/2023,2,2,0,0
21319,03/05/2023,1,1,0,0
21319,03/06/2023,19,19,0,0
21319,03/07/2023,19,19,0,0
21319,03/08/2023,44,44,0,0
21319,03/09/2023,1,1,0,0
21319,03/10/2023,35,35,0,0
21319,03/11/2023,29,27,2,0
21319,03/12/2023,1,1,0,0
21319,03/13/2023,36,36,0,0
21319,03/15/2023,4,4,0,0
21319,03/16/2023,58,58,0,0
21319,03/17/2023,12,8,4,0
21319,03/18/2023,56,56,0,0
21319,03/19/2023,4,4,0,0
21319,03/20/2023,26,26,0,0
21319,03/21/2023,22,22,0,0
21319,03/22/2023,2,2,0,0
21320,03/01/2023,94,94,0,0
21320,03/02/2023,95,87,8,0
21320,03/03/2023,42,42,0,0
21320,03/04/2023,4,4,0,0
21320,03/05/2023,31,31,0,0
21320,03/06/2023,61,57,4,0
21320,03/07/2023,29,29,0,0
21320,03/08/2023,58,52,6,0
21320,03/09/2023,58,44,10,4
21320,03/10/2023,47,43,4,0
21320,03/11/2023,3,3,0,0
21320,03/12/2023,23,23,0,0
21320,03/13/2023,18,18,0,0
21320,03/14/2023,24,24,0,0
21320,03/15/2023,24,24,0,0
21320,03/18/2023,1,1,0,0
21320,03/19/2023,13,7,6,0
21320,03/20/2023,81,81,0,0
21320,03/21/2023,72,72,0,0
21320,03/22/2023,47,47,0,0
21321,02/28/2023,17,17,0,0
21321,03/01/2023,23,23,0,0
21321,03/04/2023,16,14,2,0
21321,03/06/2023,5,5,0,0
21321,03/07/2023,27,27,0,0
21321,03/08/2023,5,5,0,0
21321,03/09/2023,7,7,0,0
21321,03/10/2023,46,46,0,0
21321,03/11/2023,3,3,0,0
21321,03/12/2023,3,3,0,0
21321,03/15/2023,6,6,0,0
21321,03/16/2023,22,22,0,0
21321,03/17/2023,2,2,0,0
21321,03/20/2023,3,3,0,0
21321,03/21/2023,11,11,0,0
21322,02/28/2023,25,11,14,0
21322,03/01/2023,74,72,2,0
21322,03/02/2023,3,3,0,0
21322,03/03/2023,4,4,0,0
21322,03/05/2023,1,1,0,0
21322,03/06/2023,4,4,0,0
21322,03/07/2023,2,2,0,0
21322,03/08/2023,5,5,0,0
21323,02/28/2023,6,6,0,0
21323,03/02/2023,30,30,0,0
21323,03/03/2023,47,45,2,0
21323,03/04/2023,19,17,2,0
21323,03/05/2023,20,20,0,0
21323,03/06/2023,7,7,0,0
21323,03/07/2023,22,14,8,0
21323,03/08/2023,6,6,0,0
21323,03/09/2023,8,8,0,0
21323,03/10/2023,120,112,8,0
21323,03/11/2023,1,1,0,0
21323,03/12/2023,38,36,2,0
21323,03/13/2023,3,1,2,0
21323,03/16/2023,4,4,0,0
21323,03/18/2023,3,3,0,0
21323,03/19/2023,31,31,0,0
21323,03/20/2023,47,31,16,0
21323,03/21/2023,38,36,2,0
21324,02/28/2023,24,12,12,0
21324,03/01/2023,21,5,16,0
21324,03/02/2023,22,20,2,0
21324,03/03/2023,72,44,28,0
21324,03/04/2023,12,12,0,0
21324,03/05/2023,15,15,0,0
21324,03/06/2023,32,30,2,0
21324,03/07/2023,83,83,0,0
21324,03/08/2023,29,17,12,0
21324,03/09/2023,19,19,0,0
21324,03/10/2023,43,35,8,0
21324,03/11/2023,43,21,22,0
21324,03/12/2023,7,7,0,0
21324,03/14/2023,6,6,0,0
21324,03/15/2023,17,17,0,0
21324,03/16/2023,11,11,0,0
21324,03/17/2023,14,14,0,0
21324,03/18/2023,7,7,0,0
21324,03/19/2023,13,13,0,0
21324,03/20/2023,1,1,0,0
21325,02/28/2023,20,20,0,0
21325,03/01/2023,55,55,0,0
21325,03/02/2023,31,29,2,0
21325,03/03/2023,60,60,0,0
21325,03/04/2023,55,55,0,0
21325,03/05/2023,62,62,0,0
21325,03/06/2023,54,54,0,0
21325,03/07/2023,29,29,0,0
21325,03/08/2023,20,20,0,0
21325,03/09/2023,36,36,0,0
21325,03/10/2023,38,38,0,0
21325,03/11/2023,9,9,0,0
21325,03/12/2023,3,3,0,0
21325,03/13/2023,2,2,0,0
21325,03/14/2023,55,49,6,0
21325,03/15/2023,16,16,0,0
21325,03/16/2023,30,30,0,0
21325,03/17/2023,46,46,0,0
21325,03/18/2023,43,43,0,0
21325,03/19/2023,68,56,12,0
21325,03/20/2023,51,41,6,4
21325,03/21/2023,63,55,8,0
21326,03/01/2023,25,25,0,0
21326,03/02/2023,30,20,10,0
21326,03/03/2023,62,54,8,0
21326,03/04/2023,16,16,0,0
21326,03/05/2023,6,6,0,0
21326,03/06/2023,37,35,2,0
21326,03/07/2023,40,40,0,0
21326,03/08/2023,25,25,0,0
21326,03/09/2023,47,35,12,0
21326,03/10/2023,66,56,8,2
21326,03/11/2023,54,40,12,2
21326,03/12/2023,21,21,0,0
21326,03/13/2023,45,33,6,6
21326,03/14/2023,35,31,4,0
21326,03/15/2023,78,54,24,0
21326,03/16/2023,13,13,0,0
21326,03/17/2023,66,62,4,0
21326,03/18/2023,23,23,0,0
21326,03/19/2023,62,56,6,0
21326,03/20/2023,33,29,4,0
21326,03/21/2023,57,53,4,0
21326,03/22/2023,33,25,8,0
21327,03/03/2023,53,53,0,0
21327,03/04/2023,99,97,2,0
21327,03/05/2023,22,22,0,0
21327,03/06/2023,10,10,0,0
21327,03/07/2023,60,60,0,0
21327,03/08/2023,55,55,0,0
21327,03/09/2023,66,64,2,0
21327,03/10/2023,30,26,4,0
21327,03/11/2023,70,46,24,0
21327,03/12/2023,29,29,0,0
21327,03/13/2023,30,30,0,0
21327,03/14/2023,52,52,0,0
21327,03/15/2023,78,74,4,0
21327,03/16/2023,40,40,0,0
21327,03/17/2023,36,36,0,0
21327,03/18/2023,20,20,0,0
21327,03/19/2023,69,69,0,0
21327,03/20/2023,20,20,0,0
21328,03/01/2023,32,32,0,0
21328,03/02/2023,43,43,0,0
21328,03/03/2023,103,85,18,0
21328,03/04/2023,183,173,10,0
21328,03/06/2023,74,74,0,0
21328,03/07/2023,103,97,6,0
21328,03/08/2023,97,95,2,0
21328,03/09/2023,12,12,0,0
21328,03/10/2023,53,51,2,0
21328,03/11/2023,2,2,0,0
21328,03/13/2023,7,7,0,0
21328,03/14/2023,1,1,0,0
21328,03/15/2023,12,12,0,0
21328,03/17/2023,11,11,0,0
21328,03/18/2023,65,53,12,0
21328,03/19/2023,30,30,0,0
21328,03/20/2023,47,43,4,0
21328,03/21/2023,85,83,2,0
21328,03/22/2023,93,93,0,0
21411,03/01/2023,65,37,28,0
21411,03/02/2023,13,13,0,0
21411,03/03/2023,11,7,4,0
21411,03/04/2023,34,30,4,0
21411,03/05/2023,4,4,0,0
21411,03/07/2023,10,10,0,0
21411,03/08/2023,5,5,0,0
21411,03/09/2023,13,13,0,0
21411,03/10/2023,17,17,0,0
21411,03/11/2023,70,70,0,0
21411,03/12/2023,112,106,6,0
21411,03/13/2023,39,39,0,0
21411,03/15/2023,11,11,0,0
21411,03/16/2023,56,50,6,0
21411,03/17/2023,17,17,0,0
21411,03/18/2023,11,11,0,0
21411,03/19/2023,3,3,0,0
21411,03/20/2023,23,19,4,0
21411,03/21/2023,68,68,0,0
21411,03/22/2023,1,1,0,0
21412,03/01/2023,10,10,0,0
21412,03/02/2023,17,17,0,0
21412,03/03/2023,20,20,0,0
21412,03/04/2023,34,28,6,0
21412,03/05/2023,11,11,0,0
21412,03/06/2023,30,30,0,0
21412,03/07/2023,2,2,0,0
21412,03/08/2023,14,14,0,0
21412,03/09/2023,18,16,2,0
21412,03/10/2023,16,16,0,0
21412,03/11/2023,9,9,0,0
21412,03/12/2023,1,1,0,0
21412,03/13/2023,4,4,0,0
21412,03/14/2023,26,26,0,0
21412,03/15/2023,16,16,0,0
21412,03/16/2023,4,4,0,0
21412,03/17/2023,14,14,0,0
21412,03/18/2023,18,18,0,0
21412,03/19/2023,5,5,0,0
21412,03/20/2023,19,19,0,0
21412,03/21/2023,17,17,0,0
21412,03/22/2023,5,5,0,0
21413,03/01/2023,7,7,0,0
21413,03/02/2023,1,1,0,0
21413,03/03/2023,1,1,0,0
21413,03/04/2023,3,3,0,0
21413,03/05/2023,11,11,0,0
21413,03/06/2023,2,2,0,0
21413,03/08/2023,1,1,0,0
21413,03/09/2023,2,2,0,0
21413,03/10/2023,5,5,0,0
21413,03/12/2023,3,3,0,0
21413,03/14/2023,7,5,2,0
21413,03/15/2023,32,30,2,0
21413,03/16/2023,3,3,0,0
21413,03/17/2023,3,3,0,0
21413,03/18/2023,4,4,0,0
21413,03/19/2023,2,2,0,0
21413,03/20/2023,1,1,0,0
21413,03/21/2023,3,3,0,0
21413,03/22/2023,2,2,0,0
21414,03/01/2023,24,24,0,0
21414,03/02/2023,100,98,2,0
21414,03/03/2023,162,124,38,0
21414,03/04/2023,67,53,14,0
21414,03/05/2023,72,72,0,0
21414,03/06/2023,47,47,0,0
21414,03/07/2023,28,26,2,0
21414,03/08/2023,37,33,2,2
21414,03/09/2023,62,54,6,2
21414,03/10/2023,8,8,0,0
21414,03/11/2023,154,136,18,0
21414,03/12/2023,44,44,0,0
21414,03/13/2023,125,97,28,0
21414,03/14/2023,71,65,6,0
21414,03/15/2023,201,175,26,0
21414,03/16/2023,9,9,0,0
21414,03/17/2023,68,48,20,0
21414,03/18/2023,13,13,0,0
21414,03/19/2023,81,77,4,0
21414,03/20/2023,50,48,2,0
21414,03/21/2023,48,46,2,0
22101,02/24/2023,3,3,0,0
22101,02/25/2023,31,27,4,0
22101,02/26/2023,7,7,0,0
22101,02/27/2023,50,32,18,0
22101,02/28/2023,92,36,54,2
22101,03/01/2023,65,5,10,50
22101,03/02/2023,94,26,68,0
22101,03/03/2023,13,13,0,0
22101,03/04/2023,91,29,62,0
22101,03/05/2023,80,80,0,0
22101,03/06/2023,95,17,58,20
22101,03/07/2023,73,43,30,0
22101,03/08/2023,10,10,0,0
22101,03/09/2023,119,35,84,0
22101,03/10/2023,45,23,22,0
22101,03/11/2023,78,28,50,0
22101,03/12/2023,8,8,0,0
22101,03/13/2023,66,56,10,0
22101,03/14/2023,111,49,62,0
22101,03/15/2023,32,32,0,0
22101,03/17/2023,57,11,46,0
22101,03/18/2023,58,20,38,0
22101,03/20/2023,64,4,40,20
22101,03/21/2023,15,15,0,0
22101,03/22/2023,222,90,126,6
22103,02/24/2023,1,1,0,0
22103,02/25/2023,17,11,6,0
22103,02/26/2023,9,9,0,0
22103,02/27/2023,6,6,0,0
22103,02/28/2023,21,21,0,0
22103,03/01/2023,28,28,0,0
22103,03/02/2023,3,3,0,0
22103,03/03/2023,10,10,0,0
22103,03/04/2023,11,11,0,0
22103,03/05/2023,42,40,2,0
22103,03/06/2023,16,12,4,0
22103,03/07/2023,6,6,0,0
22103,03/08/2023,3,3,0,0
22103,03/09/2023,3,3,0,0
22103,03/10/2023,8,8,0,0
22103,03/11/2023,14,14,0,0
22103,03/12/2023,34,34,0,0
22103,03/13/2023,12,10,2,0
22103,03/14/2023,1,1,0,0
22103,03/16/2023,2,2,0,0
22103,03/17/2023,1,1,0,0
22103,03/18/2023,1,1,0,0
22103,03/19/2023,3,3,0,0
22110,02/27/2023,5,5,0,0
22110,02/28/2023,23,13,10,0
22110,03/02/2023,7,7,0,0
22110,03/03/2023,9,9,0,0
22110,03/04/2023,4,2,2,0
22110,03/05/2023,10,10,0,0
22110,03/06/2023,4,4,0,0
22110,03/09/2023,16,16,0,0
22110,03/10/2023,16,16,0,0
22110,03/12/2023,8,2,6,0
22110,03/13/2023,3,1,2,0
22110,03/16/2023,5,5,0,0
22110,03/20/2023,1,1,0,0
22110,03/21/2023,7,7,0,0
22110,03/22/2023,2,2,0,0
22111,02/28/2023,8,8,0,0
22111,03/02/2023,2,2,0,0
22111,03/03/2023,21,19,2,0
22111,03/04/2023,5,5,0,0
22111,03/06/2023,28,28,0,0
22111,03/07/2023,1,1,0,0
22111,03/08/2023,13,13,0,0
22111,03/09/2023,2,2,0,0
22111,03/10/2023,17,15,2,0
22111,03/12/2023,2,2,0,0
22111,03/13/2023,4,4,0,0
22111,03/14/2023,13,13,0,0
22111,03/15/2023,1,1,0,0
22111,03/16/2023,7,3,4,0
22111,03/18/2023,9,9,0,0
22111,03/19/2023,6,6,0,0
22111,03/21/2023,3,1,2,0
22111,03/22/2023,4,4,0,0
22112,02/27/2023,56,56,0,0
22112,02/28/2023,4,4,0,0
22112,03/01/2023,19,19,0,0
22112,03/02/2023,9,9,0,0
22112,03/03/2023,1,1,0,0
22112,03/04/2023,5,5,0,0
22112,03/06/2023,2,2,0,0
22112,03/07/2023,2,2,0,0
22112,03/08/2023,3,1,2,0
22112,03/10/2023,11,11,0,0
22112,03/12/2023,3,3,0,0
22112,03/13/2023,5,3,0,2
22112,03/14/2023,15,5,4,6
22112,03/15/2023,22,6,12,4
22112,03/16/2023,7,3,2,2
22112,03/17/2023,9,5,0,4
22112,03/18/2023,1,1,0,0
22112,03/19/2023,3,1,2,0
22112,03/20/2023,17,13,4,0
22113,02/24/2023,248,244,4,0
22113,02/25/2023,2,2,0,0
22113,02/26/2023,32,32,0,0
22113,02/27/2023,300,292,8,0
22113,02/28/2023,117,117,0,0
22113,03/01/2023,244,244,0,0
22113,03/02/2023,195,195,0,0
22113,03/03/2023,93,93,0,0
22113,03/06/2023,135,135,0,0
22113,03/07/2023,30,30,0,0
22113,03/09/2023,149,149,0,0
22113,03/10/2023,13,13,0,0
22113,03/11/2023,1,1,0,0
22113,03/13/2023,21,21,0,0
22113,03/14/2023,44,42,2,0
22113,03/15/2023,7,7,0,0
22113,03/16/2023,6,6,0,0
22113,03/18/2023,26,26,0,0
22113,03/19/2023,35,35,0,0
22113,03/20/2023,160,160,0,0
22113,03/21/2023,238,238,0,0
22113,03/22/2023,110,110,0,0
22114,02/25/2023,112,40,50,22
22114,02/26/2023,3,3,0,0
22114,02/27/2023,158,70,56,32
22114,02/28/2023,6,6,0,0
22114,03/01/2023,84,32,38,14
22114,03/02/2023,15,15,0,0
22114,03/03/2023,6,6,0,0
22114,03/04/2023,120,38,56,26
22114,03/05/2023,30,30,0,0
22114,03/08/2023,122,70,38,14
22114,03/10/2023,107,29,50,28
22114,03/11/2023,129,35,62,32
22114,03/12/2023,5,3,2,0
22114,03/13/2023,59,19,38,2
22114,03/15/2023,2,2,0,0
22114,03/16/2023,115,41,58,16
22114,03/18/2023,110,28,58,24
22114,03/19/2023,20,20,0,0
22114,03/20/2023,1,1,0,0
22114,03/21/2023,91,25,40,26
22114,03/22/2023,2,2,0,0
22115,02/25/2023,29,29,0,0
22115,02/26/2023,61,57,4,0
22115,02/27/2023,12,12,0,0
22115,02/28/2023,102,90,12,0
22115,03/01/2023,61,31,2,28
22115,03/02/2023,34,34,0,0
22115,03/03/2023,8,8,0,0
22115,03/04/2023,22,22,0,0
22115,03/05/2023,70,62,8,0
22115,03/06/2023,10,10,0,0
22115,03/07/2023,29,29,0,0
22115,03/08/2023,17,17,0,0
22115,03/09/2023,21,21,0,0
22115,03/10/2023,22,16,6,0
22115,03/11/2023,37,31,6,0
22115,03/12/2023,25,25,0,0
22115,03/13/2023,15,13,2,0
22115,03/14/2023,4,4,0,0
22115,03/15/2023,18,12,6,0
22115,03/16/2023,13,13,0,0
22115,03/17/2023,9,9,0,0
22115,03/18/2023,84,74,10,0
22115,03/19/2023,2,2,0,0
22115,03/20/2023,28,16,12,0
22115,03/21/2023,57,55,2,0
22115,03/22/2023,5,5,0,0
22116,02/25/2023,9,9,0,0
22116,02/26/2023,114,42,72,0
22116,02/27/2023,6,6,0,0
22116,02/28/2023,2,2,0,0
22116,03/01/2023,7,7,0,0
22116,03/02/2023,4,2,2,0
22116,03/03/2023,18,16,2,0
22116,03/14/2023,1,1,0,0
22116,03/16/2023,17,17,0,0
22116,03/17/2023,1,1,0,0
22116,03/18/2023,21,21,0,0
22116,03/19/2023,4,4,0,0
22117,02/25/2023,5,5,0,0
22117,02/27/2023,1,1,0,0
22117,02/28/2023,9,9,0,0
22117,03/01/2023,1,1,0,0
22117,03/02/2023,8,6,2,0
22117,03/03/2023,7,7,0,0
22117,03/04/2023,2,2,0,0
22117,03/05/2023,1,1,0,0
22117,03/06/2023,2,2,0,0
22117,03/07/2023,3,3,0,0
22117,03/08/2023,11,11,0,0
22117,03/09/2023,16,10,6,0
22117,03/13/2023,11,11,0,0
22117,03/14/2023,4,4,0,0
22118,02/25/2023,41,35,6,0
22118,02/26/2023,65,35,30,0
22118,02/28/2023,5,5,0,0
22118,03/01/2023,77,77,0,0
22118,03/02/2023,9,9,0,0
22118,03/03/2023,7,7,0,0
22118,03/04/2023,329,175,150,4
22118,03/05/2023,320,128,190,2
22118,03/06/2023,3,3,0,0
22118,03/07/2023,5,5,0,0
22118,03/08/2023,116,48,68,0
22118,03/09/2023,14,14,0,0
22118,03/10/2023,8,8,0,0
22118,03/11/2023,313,165,148,0
22118,03/12/2023,240,126,114,0
22118,03/13/2023,93,51,42,0
22118,03/14/2023,51,51,0,0
22118,03/15/2023,129,43,86,0
22118,03/16/2023,23,21,2,0
22118,03/17/2023,144,114,30,0
22118,03/18/2023,239,151,76,12
22118,03/19/2023,18,16,2,0
22119,02/25/2023,50,50,0,0
22119,02/26/2023,28,28,0,0
22119,02/27/2023,43,43,0,0
22119,02/28/2023,11,11,0,0
22119,03/01/2023,27,27,0,0
22119,03/02/2023,10,10,0,0
22119,03/03/2023,21,19,2,0
22119,03/04/2023,3,3,0,0
22119,03/05/2023,16,16,0,0
22119,03/06/2023,27,27,0,0
22119,03/07/2023,11,11,0,0
22119,03/08/2023,19,19,0,0
22119,03/09/2023,27,27,0,0
22119,03/10/2023,21,21,0,0
22119,03/11/2023,32,32,0,0
22119,03/12/2023,9,9,0,0
22119,03/13/2023,12,12,0,0
22119,03/14/2023,10,10,0,0
22119,03/15/2023,58,58,0,0
22119,03/17/2023,12,12,0,0
22119,03/18/2023,10,10,0,0
22119,03/19/2023,67,63,4,0
22119,03/20/2023,20,20,0,0
22119,03/21/2023,10,10,0,0
22119,03/22/2023,42,42,0,0
22120,02/25/2023,165,67,82,16
22120,02/26/2023,8,8,0,0
22120,02/27/2023,70,16,54,0
22120,02/28/2023,62,20,42,0
22120,03/02/2023,102,44,58,0
22120,03/04/2023,143,77,64,2
22120,03/05/2023,27,25,2,0
22120,03/06/2023,52,36,16,0
22120,03/07/2023,107,53,54,0
22120,03/08/2023,23,5,18,0
22120,03/09/2023,110,32,74,4
22120,03/10/2023,14,14,0,0
22120,03/11/2023,4,4,0,0
22120,03/13/2023,85,59,24,2
22120,03/14/2023,14,14,0,0
22120,03/15/2023,21,19,2,0
22120,03/16/2023,13,11,2,0
22120,03/18/2023,94,46,46,2
22120,03/19/2023,16,16,0,0
22120,03/20/2023,42,32,10,0
22120,03/21/2023,77,35,42,0
22202,02/26/2023,4,4,0,0
22202,03/03/2023,10,10,0,0
22202,03/04/2023,2,2,0,0
22202,03/05/2023,62,52,10,0
22202,03/06/2023,14,14,0,0
22202,03/07/2023,3,3,0,0
22202,03/08/2023,9,3,6,0
22202,03/09/2023,3,3,0,0
22202,03/10/2023,5,5,0,0
22202,03/11/2023,29,29,0,0
22202,03/12/2023,17,15,2,0
22202,03/13/2023,14,14,0,0
22202,03/14/2023,4,4,0,0
22202,03/15/2023,9,9,0,0
22202,03/16/2023,7,7,0,0
22202,03/17/2023,19,19,0,0
22202,03/18/2023,6,6,0,0
22202,03/20/2023,3,3,0,0
22204,02/25/2023,7,1,6,0
22204,02/27/2023,4,4,0,0
22204,03/01/2023,8,4,4,0
22204,03/02/2023,3,3,0,0
22204,03/03/2023,4,4,0,0
22204,03/04/2023,3,3,0,0
22204,03/11/2023,11,11,0,0
22204,03/12/2023,13,13,0,0
22204,03/13/2023,8,8,0,0
22204,03/14/2023,2,2,0,0
22204,03/15/2023,11,11,0,0
22204,03/19/2023,4,0,4,0
22204,03/20/2023,3,3,0,0
22204,03/21/2023,4,4,0,0
22204,03/22/2023,3,3,0,0
22210,02/25/2023,14,14,0,0
22210,02/26/2023,38,32,6,0
22210,02/27/2023,60,60,0,0
22210,02/28/2023,13,9,4,0
22210,03/01/2023,100,32,66,2
22210,03/02/2023,48,42,6,0
22210,03/03/2023,6,6,0,0
22210,03/04/2023,7,7,0,0
22210,03/05/2023,3,3,0,0
22210,03/06/2023,58,58,0,0
22210,03/07/2023,14,14,0,0
22210,03/09/2023,46,16,30,0
22210,03/10/2023,6,6,0,0
22210,03/11/2023,6,6,0,0
22210,03/12/2023,2,2,0,0
22210,03/13/2023,6,6,0,0
22210,03/14/2023,11,11,0,0
22210,03/16/2023,18,18,0,0
22210,03/17/2023,9,9,0,0
22210,03/18/2023,8,8,0,0
22210,03/19/2023,1,1,0,0
22210,03/20/2023,2,2,0,0
22210,03/21/2023,5,5,0,0
22211,03/07/2023,39,39,0,0
22211,03/08/2023,2,2,0,0
22211,03/09/2023,72,72,0,0
22211,03/10/2023,54,54,0,0
22211,03/11/2023,45,43,2,0
22211,03/13/2023,76,72,4,0
22211,03/14/2023,30,30,0,0
22211,03/15/2023,24,22,2,0
22211,03/16/2023,15,15,0,0
22211,03/17/2023,10,10,0,0
22211,03/19/2023,48,44,4,0
22212,02/25/2023,17,17,0,0
22212,02/26/2023,2,2,0,0
22212,02/27/2023,1,1,0,0
22212,02/28/2023,1,1,0,0
22212,03/01/2023,3,3,0,0
22212,03/02/2023,11,11,0,0
22212,03/03/2023,6,6,0,0
22212,03/04/2023,13,13,0,0
22212,03/05/2023,32,32,0,0
22212,03/06/2023,2,2,0,0
22212,03/08/2023,3,3,0,0
22212,03/09/2023,6,6,0,0
22212,03/10/2023,2,2,0,0
22212,03/11/2023,2,2,0,0
22212,03/12/2023,25,21,4,0
22212,03/13/2023,1,1,0,0
22212,03/14/2023,5,5,0,0
22212,03/15/2023,1,1,0,0
22212,03/16/2023,4,4,0,0
22212,03/17/2023,7,3,4,0
22212,03/18/2023,1,1,0,0
22212,03/19/2023,7,7,0,0
22212,03/20/2023,5,5,0,0
22213,02/25/2023,4,4,0,0
22213,02/26/2023,10,10,0,0
22213,02/27/2023,15,15,0,0
22213,02/28/2023,2,2,0,0
22213,03/01/2023,58,50,8,0
22213,03/02/2023,11,11,0,0
22213,03/03/2023,5,5,0,0
22213,03/04/2023,23,19,4,0
22213,03/05/2023,36,36,0,0
22213,03/06/2023,1,1,0,0
22213,03/08/2023,4,4,0,0
22213,03/09/2023,2,2,0,0
22213,03/10/2023,18,18,0,0
22213,03/11/2023,35,29,6,0
22213,03/12/2023,6,6,0,0
22213,03/14/2023,44,44,0,0
22213,03/15/2023,3,3,0,0
22213,03/16/2023,6,6,0,0
22213,03/17/2023,22,22,0,0
22213,03/18/2023,11,11,0,0
22213,03/20/2023,6,6,0,0
22215,02/25/2023,2,2,0,0
22215,02/26/2023,1,1,0,0
22215,02/27/2023,12,12,0,0
22215,02/28/2023,2,2,0,0
22215,03/01/2023,1,1,0,0
22215,03/02/2023,13,13,0,0
22215,03/03/2023,20,20,0,0
22215,03/04/2023,42,42,0,0
22215,03/05/2023,34,34,0,0
22215,03/06/2023,5,5,0,0
22215,03/07/2023,34,30,4,0
22215,03/08/2023,39,25,12,2
22215,03/09/2023,49,33,16,0
22215,03/10/2023,34,20,14,0
22215,03/11/2023,9,9,0,0
22215,03/12/2023,118,110,8,0
22215,03/13/2023,31,23,8,0
22215,03/14/2023,28,18,10,0
22215,03/15/2023,17,9,8,0
22215,03/16/2023,34,24,10,0
22215,03/17/2023,6,6,0,0
22215,03/18/2023,16,16,0,0
22215,03/19/2023,64,44,20,0
22215,03/20/2023,77,49,28,0
22215,03/21/2023,40,34,6,0
22215,03/22/2023,20,20,0,0
22216,02/25/2023,2,2,0,0
22216,02/26/2023,8,8,0,0
22216,02/27/2023,55,51,4,0
22216,02/28/2023,128,38,80,10
22216,03/01/2023,82,40,42,0
22216,03/02/2023,58,56,2,0
22216,03/04/2023,10,10,0,0
22216,03/05/2023,28,12,16,0
22216,03/06/2023,90,46,44,0
22216,03/07/2023,1,1,0,0
22216,03/08/2023,30,30,0,0
22216,03/09/2023,5,5,0,0
22216,03/11/2023,20,16,4,0
22216,03/12/2023,9,9,0,0
22216,03/13/2023,2,2,0,0
22216,03/14/2023,4,4,0,0
22216,03/15/2023,16,8,8,0
22216,03/16/2023,7,7,0,0
22216,03/17/2023,2,2,0,0
22216,03/18/2023,2,2,0,0
22216,03/19/2023,1,1,0,0
22216,03/20/2023,14,12,2,0
22216,03/21/2023,7,7,0,0
22216,03/22/2023,6,6,0,0
22217,02/25/2023,8,8,0,0
22217,02/26/2023,5,5,0,0
22217,02/27/2023,3,3,0,0
22217,02/28/2023,2,2,0,0
22217,03/01/2023,10,10,0,0
22217,03/02/2023,10,10,0,0
22217,03/03/2023,6,6,0,0
22217,03/04/2023,6,6,0,0
22217,03/05/2023,6,6,0,0
22217,03/06/2023,2,2,0,0
22217,03/08/2023,16,2,14,0
22217,03/15/2023,4,4,0,0
22217,03/16/2023,4,4,0,0
22217,03/17/2023,1,1,0,0
22218,03/01/2023,15,15,0,0
22218,03/02/2023,3,3,0,0
22218,03/03/2023,25,25,0,0
22218,03/04/2023,27,27,0,0
22218,03/05/2023,16,16,0,0
22218,03/06/2023,12,12,0,0
22218,03/07/2023,22,20,2,0
22218,03/08/2023,10,10,0,0
22218,03/09/2023,10,10,0,0
22218,03/10/2023,34,34,0,0
22218,03/11/2023,7,7,0,0
22218,03/12/2023,6,6,0,0
22218,03/13/2023,26,26,0,0
22218,03/14/2023,30,30,0,0
22218,03/15/2023,46,38,8,0
22218,03/16/2023,1,1,0,0
22218,03/17/2023,19,19,0,0
22218,03/18/2023,41,41,0,0
22218,03/19/2023,31,31,0,0
22218,03/20/2023,4,4,0,0
22301,02/27/2023,54,38,14,2
22301,02/28/2023,45,29,8,8
22301,03/01/2023,30,26,2,2
22301,03/02/2023,81,55,20,6
22301,03/03/2023,38,30,6,2
22301,03/04/2023,2,2,0,0
22301,03/05/2023,7,7,0,0
22301,03/06/2023,83,71,8,4
22301,03/07/2023,44,32,10,2
22301,03/08/2023,71,41,16,14
22301,03/09/2023,71,43,12,16
22301,03/10/2023,13,9,4,0
22301,03/11/2023,90,38,52,0
22301,03/12/2023,48,24,24,0
22301,03/13/2023,21,21,0,0
22301,03/14/2023,45,35,8,2
22301,03/15/2023,65,53,10,2
22301,03/16/2023,10,10,0,0
22301,03/17/2023,63,43,12,8
22301,03/18/2023,7,7,0,0
22301,03/19/2023,12,12,0,0
22301,03/20/2023,19,13,2,4
22301,03/21/2023,29,25,4,0
22301,03/22/2023,24,12,6,6
22302,02/27/2023,5,5,0,0
22302,02/28/2023,24,22,2,0
22302,03/01/2023,2,2,0,0
22302,03/02/2023,3,3,0,0
22302,03/03/2023,24,24,0,0
22302,03/05/2023,50,18,32,0
22302,03/06/2023,28,22,6,0
22302,03/07/2023,7,7,0,0
22302,03/08/2023,2,2,0,0
22302,03/09/2023,1,1,0,0
22302,03/10/2023,3,3,0,0
22302,03/11/2023,5,5,0,0
22302,03/12/2023,3,3,0,0
22302,03/13/2023,13,11,2,0
22302,03/14/2023,5,5,0,0
22302,03/15/2023,19,19,0,0
22302,03/16/2023,1,1,0,0
22302,03/17/2023,5,5,0,0
22302,03/18/2023,6,6,0,0
22302,03/19/2023,3,1,2,0
22302,03/20/2023,4,4,0,0
22302,03/21/2023,4,4,0,0
22310,02/27/2023,9,5,4,0
22310,02/28/2023,10,10,0,0
22310,03/01/2023,2,2,0,0
22310,03/03/2023,3,3,0,0
22310,03/05/2023,3,3,0,0
22310,03/06/2023,5,5,0,0
22310,03/07/2023,4,4,0,0
22310,03/08/2023,3,3,0,0
22310,03/09/2023,2,2,0,0
22310,03/10/2023,3,3,0,0
22310,03/12/2023,1,1,0,0
22310,03/13/2023,2,2,0,0
22310,03/14/2023,20,20,0,0
22310,03/16/2023,66,66,0,0
22310,03/17/2023,10,10,0,0
22310,03/20/2023,5,5,0,0
22310,03/21/2023,5,5,0,0
22311,02/27/2023,2,2,0,0
22311,02/28/2023,1,1,0,0
22311,03/01/2023,10,10,0,0
22311,03/02/2023,11,11,0,0
22311,03/03/2023,8,8,0,0
22311,03/04/2023,3,3,0,0
22311,03/05/2023,4,4,0,0
22311,03/06/2023,11,11,0,0
22311,03/07/2023,10,10,0,0
22311,03/08/2023,2,0,2,0
22311,03/09/2023,14,14,0,0
22311,03/11/2023,8,6,2,0
22311,03/12/2023,4,4,0,0
22311,03/13/2023,3,3,0,0
22311,03/15/2023,10,10,0,0
22311,03/16/2023,10,10,0,0
22311,03/17/2023,465,325,140,0
22311,03/19/2023,4,4,0,0
22311,03/20/2023,8,8,0,0
22311,03/21/2023,5,3,2,0
22311,03/22/2023,1,1,0,0
22312,02/27/2023,31,31,0,0
22312,02/28/2023,2,2,0,0
22312,03/01/2023,18,18,0,0
22312,03/02/2023,3,3,0,0
22312,03/03/2023,2,2,0,0
22312,03/05/2023,12,12,0,0
22312,03/06/2023,18,18,0,0
22312,03/07/2023,28,26,2,0
22312,03/08/2023,18,18,0,0
22312,03/09/2023,1,1,0,0
22312,03/15/2023,1,1,0,0
22312,03/16/2023,12,12,0,0
22312,03/20/2023,29,29,0,0
22312,03/21/2023,7,7,0,0
22312,03/22/2023,19,17,2,0
22313,02/28/2023,69,69,0,0
22313,03/01/2023,34,34,0,0
22313,03/02/2023,35,35,0,0
22313,03/03/2023,39,35,2,2
22313,03/04/2023,37,35,2,0
22313,03/05/2023,106,88,18,0
22313,03/06/2023,34,34,0,0
22313,03/07/2023,34,32,2,0
22313,03/08/2023,30,30,0,0
22313,03/09/2023,39,37,2,0
22313,03/10/2023,8,8,0,0
22313,03/11/2023,36,36,0,0
22313,03/12/2023,18,18,0,0
22313,03/13/2023,28,28,0,0
22313,03/14/2023,30,30,0,0
22313,03/15/2023,38,38,0,0
22313,03/16/2023,15,15,0,0
22313,03/17/2023,9,9,0,0
22313,03/18/2023,19,19,0,0
22313,03/19/2023,50,50,0,0
22313,03/20/2023,86,82,4,0
22313,03/21/2023,64,60,4,0
22313,03/22/2023,51,51,0,0
22314,02/27/2023,592,198,232,162
22314,02/28/2023,774,278,270,226
22314,03/01/2023,631,199,300,132
22314,03/02/2023,762,302,296,164
22314,03/03/2023,1087,417,516,154
22314,03/04/2023,736,324,230,182
22314,03/05/2023,253,23,88,142
22314,03/06/2023,1090,250,358,482
22314,03/07/2023,762,188,296,278
22314,03/08/2023,939,205,358,376
22314,03/09/2023,672,176,240,256
22314,03/10/2023,173,47,78,48
22314,03/11/2023,746,194,372,180
22314,03/12/2023,179,31,88,60
22314,03/13/2023,619,117,242,260
22314,03/14/2023,387,147,150,90
22314,03/15/2023,614,264,186,164
22314,03/19/2023,523,87,134,302
22314,03/20/2023,779,195,308,276
22314,03/21/2023,745,229,254,262
22314,03/22/2023,534,104,134,296
22315,03/06/2023,70,64,6,0
22315,03/07/2023,11,11,0,0
22315,03/08/2023,35,25,10,0
22315,03/09/2023,46,26,20,0
22315,03/10/2023,80,60,20,0
22315,03/11/2023,11,9,2,0
22315,03/12/2023,9,9,0,0
22315,03/13/2023,45,33,12,0
22315,03/14/2023,8,8,0,0
22315,03/15/2023,109,79,30,0
22315,03/16/2023,1,1,0,0
22315,03/17/2023,70,58,12,0
22315,03/19/2023,1,1,0,0
22315,03/20/2023,72,66,6,0
22315,03/21/2023,8,8,0,0
22316,02/27/2023,87,85,2,0
22316,02/28/2023,113,113,0,0
22316,03/01/2023,32,32,0,0
22316,03/02/2023,158,150,8,0
22316,03/03/2023,73,73,0,0
22316,03/04/2023,50,50,0,0
22316,03/05/2023,56,56,0,0
22316,03/06/2023,76,70,6,0
22316,03/07/2023,66,66,0,0
22316,03/08/2023,70,70,0,0
22316,03/09/2023,169,139,30,0
22316,03/10/2023,126,80,42,4
22316,03/11/2023,68,68,0,0
22316,03/12/2023,71,59,12,0
22316,03/13/2023,44,42,2,0
22316,03/14/2023,19,17,2,0
22316,03/15/2023,29,29,0,0
22316,03/16/2023,50,50,0,0
22316,03/17/2023,63,61,2,0
22316,03/18/2023,3,3,0,0
22316,03/19/2023,51,49,2,0
22316,03/20/2023,49,49,0,0
22316,03/21/2023,129,119,10,0
22316,03/22/2023,73,73,0,0
22317,03/06/2023,6,6,0,0
22317,03/07/2023,20,14,6,0
22317,03/08/2023,6,6,0,0
22317,03/09/2023,9,9,0,0
22317,03/11/2023,3,3,0,0
22317,03/13/2023,6,6,0,0
22317,03/14/2023,12,12,0,0
22317,03/15/2023,16,16,0,0
22317,03/16/2023,3,3,0,0
22317,03/17/2023,45,43,2,0
22401,03/02/2023,4,4,0,0
22401,03/03/2023,3,3,0,0
22401,03/04/2023,16,16,0,0
22401,03/05/2023,17,13,4,0
22401,03/06/2023,1,1,0,0
22401,03/07/2023,4,4,0,0
22401,03/09/2023,3,1,2,0
22401,03/10/2023,10,10,0,0
22401,03/11/2023,4,2,2,0
22401,03/13/2023,4,4,0,0
22401,03/14/2023,29,29,0,0
22401,03/16/2023,7,7,0,0
22401,03/17/2023,9,7,2,0
22401,03/18/2023,18,12,6,0
22402,03/03/2023,28,26,2,0
22402,03/04/2023,45,27,18,0
22402,03/06/2023,5,5,0,0
22402,03/07/2023,1,1,0,0
22402,03/08/2023,16,16,0,0
22402,03/09/2023,9,7,0,2
22402,03/10/2023,6,4,2,0
22402,03/11/2023,1,1,0,0
22402,03/14/2023,3,3,0,0
22402,03/19/2023,1,1,0,0
22402,03/21/2023,1,1,0,0
22410,02/28/2023,1,1,0,0
22410,03/01/2023,206,192,14,0
22410,03/02/2023,343,265,78,0
22410,03/03/2023,162,162,0,0
22410,03/04/2023,12,8,4,0
22410,03/05/2023,40,40,0,0
22410,03/06/2023,197,195,2,0
22410,03/07/2023,241,233,8,0
22410,03/08/2023,98,96,2,0
22410,03/09/2023,86,86,0,0
22410,03/10/2023,135,133,2,0
22410,03/11/2023,57,57,0,0
22410,03/12/2023,64,64,0,0
22410,03/13/2023,63,61,2,0
22410,03/14/2023,99,93,6,0
22410,03/15/2023,308,262,46,0
22410,03/16/2023,48,48,0,0
22410,03/17/2023,244,238,6,0
22410,03/18/2023,40,36,4,0
22410,03/19/2023,103,93,10,0
22410,03/20/2023,120,118,2,0
22410,03/21/2023,130,128,2,0
22410,03/22/2023,122,112,10,0
22411,03/02/2023,1,1,0,0
22411,03/03/2023,99,99,0,0
22411,03/05/2023,1,1,0,0
22411,03/06/2023,307,301,6,0
22411,03/07/2023,340,330,10,0
22411,03/08/2023,18,18,0,0
22411,03/09/2023,29,27,2,0
22411,03/10/2023,140,84,56,0
22411,03/11/2023,2,2,0,0
22411,03/12/2023,21,21,0,0
22411,03/13/2023,8,8,0,0
22411,03/16/2023,76,62,14,0
22411,03/17/2023,51,51,0,0
22411,03/18/2023,5,5,0,0
22501,02/23/2023,78,20,52,6
22501,02/24/2023,14,14,0,0
22501,02/25/2023,142,56,58,28
22501,02/26/2023,213,123,66,24
22501,02/27/2023,110,110,0,0
22501,02/28/2023,170,82,74,14
22501,03/01/2023,4,4,0,0
22501,03/02/2023,80,32,30,18
22501,03/04/2023,99,61,32,6
22501,03/05/2023,92,50,36,6
22501,03/06/2023,139,77,52,10
22501,03/07/2023,7,7,0,0
22501,03/08/2023,6,6,0,0
22501,03/09/2023,58,30,28,0
22501,03/12/2023,53,23,26,4
22501,03/13/2023,123,35,88,0
22501,03/14/2023,53,25,28,0
22501,03/15/2023,88,26,62,0
22501,03/16/2023,96,36,56,4
22501,03/17/2023,4,4,0,0
22501,03/21/2023,7,7,0,0
22501,03/22/2023,6,6,0,0
22502,02/23/2023,1,1,0,0
22502,02/24/2023,2,2,0,0
22502,02/26/2023,1,1,0,0
22502,02/27/2023,2,2,0,0
22502,02/28/2023,4,2,2,0
22502,03/03/2023,2,2,0,0
22502,03/04/2023,6,6,0,0
22502,03/05/2023,2,2,0,0
22502,03/06/2023,25,21,4,0
22502,03/07/2023,20,14,6,0
22502,03/08/2023,22,22,0,0
22502,03/09/2023,18,18,0,0
22502,03/10/2023,5,5,0,0
22502,03/13/2023,6,6,0,0
22502,03/14/2023,1,1,0,0
22502,03/15/2023,32,32,0,0
22502,03/16/2023,6,6,0,0
22502,03/17/2023,5,5,0,0
22502,03/18/2023,2,2,0,0
22502,03/19/2023,2,2,0,0
22502,03/20/2023,4,4,0,0
22502,03/21/2023,9,9,0,0
22502,03/22/2023,7,7,0,0
22510,02/23/2023,10,10,0,0
22510,02/24/2023,11,11,0,0
22510,02/25/2023,15,13,2,0
22510,02/27/2023,1,1,0,0
22510,02/28/2023,2,2,0,0
22510,03/01/2023,25,25,0,0
22510,03/03/2023,16,12,4,0
22510,03/04/2023,6,6,0,0
22510,03/05/2023,4,4,0,0
22510,03/06/2023,1,1,0,0
22510,03/07/2023,7,7,0,0
22510,03/08/2023,2,0,0,2
22510,03/09/2023,13,13,0,0
22510,03/10/2023,5,5,0,0
22510,03/11/2023,16,16,0,0
22510,03/13/2023,1,1,0,0
22510,03/14/2023,1,1,0,0
22510,03/15/2023,1,1,0,0
22510,03/22/2023,1,1,0,0
22511,02/24/2023,2,2,0,0
22511,02/25/2023,110,94,16,0
22511,02/26/2023,38,30,8,0
22511,02/27/2023,47,37,10,0
22511,03/01/2023,1,1,0,0
22511,03/03/2023,3,3,0,0
22511,03/04/2023,13,13,0,0
22511,03/05/2023,33,23,10,0
22511,03/06/2023,3,3,0,0
22511,03/07/2023,1,1,0,0
22511,03/09/2023,1,1,0,0
22511,03/11/2023,31,21,10,0
22511,03/12/2023,16,16,0,0
22511,03/14/2023,9,9,0,0
22511,03/15/2023,5,5,0,0
22511,03/16/2023,1,1,0,0
22511,03/17/2023,2,2,0,0
22511,03/18/2023,2,2,0,0
22512,02/23/2023,3,3,0,0
22512,02/24/2023,2,2,0,0
22512,02/26/2023,2,2,0,0
22512,02/27/2023,11,9,2,0
22512,02/28/2023,17,17,0,0
22512,03/01/2023,2,2,0,0
22512,03/02/2023,20,16,4,0
22512,03/03/2023,5,5,0,0
22512,03/04/2023,10,10,0,0
22512,03/05/2023,5,5,0,0
22512,03/06/2023,3,3,0,0
22512,03/07/2023,2,2,0,0
22512,03/08/2023,1,1,0,0
22512,03/09/2023,11,11,0,0
22512,03/10/2023,3,3,0,0
22512,03/11/2023,13,13,0,0
22512,03/13/2023,1,1,0,0
22512,03/14/2023,1,1,0,0
22512,03/15/2023,1,1,0,0
22512,03/16/2023,2,2,0,0
22512,03/18/2023,17,11,6,0
22512,03/19/2023,1,1,0,0
22512,03/20/2023,2,2,0,0
22512,03/21/2023,2,2,0,0
22513,02/23/2023,6,6,0,0
22513,02/24/2023,29,25,4,0
22513,02/25/2023,6,4,2,0
22513,02/26/2023,6,6,0,0
22513,02/27/2023,8,8,0,0
22513,02/28/2023,25,25,0,0
22513,03/01/2023,15,15,0,0
22513,03/02/2023,13,13,0,0
22513,03/03/2023,21,21,0,0
22513,03/04/2023,4,2,2,0
22513,03/05/2023,16,16,0,0
22513,03/06/2023,41,41,0,0
22513,03/07/2023,38,38,0,0
22513,03/08/2023,14,14,0,0
22513,03/09/2023,8,8,0,0
22513,03/10/2023,17,17,0,0
22513,03/11/2023,49,47,2,0
22513,03/13/2023,7,7,0,0
22513,03/14/2023,7,7,0,0
22513,03/15/2023,18,18,0,0
22513,03/16/2023,4,4,0,0
22513,03/17/2023,5,5,0,0
22513,03/18/2023,3,3,0,0
22513,03/19/2023,2,2,0,0
22513,03/20/2023,29,29,0,0
22513,03/21/2023,38,38,0,0
22514,02/23/2023,1,1,0,0
22514,02/24/2023,5,5,0,0
22514,02/25/2023,3,3,0,0
22514,02/26/2023,64,56,8,0
22514,02/27/2023,34,30,4,0
22514,02/28/2023,27,27,0,0
22514,03/01/2023,7,7,0,0
22514,03/02/2023,25,25,0,0
22514,03/03/2023,2,2,0,0
22514,03/04/2023,12,12,0,0
22514,03/06/2023,37,37,0,0
22514,03/07/2023,33,33,0,0
22514,03/08/2023,16,16,0,0
22514,03/09/2023,8,8,0,0
22514,03/10/2023,22,22,0,0
22514,03/11/2023,3,3,0,0
22514,03/12/2023,1,1,0,0
22514,03/13/2023,3,3,0,0
22514,03/14/2023,7,7,0,0
22514,03/15/2023,27,27,0,0
22514,03/16/2023,35,35,0,0
22514,03/17/2023,36,36,0,0
22514,03/18/2023,1,1,0,0
22515,02/28/2023,1,1,0,0
22515,03/01/2023,7,7,0,0
22515,03/02/2023,1,1,0,0
22515,03/03/2023,8,6,2,0
22515,03/04/2023,5,5,0,0
22515,03/05/2023,20,14,6,0
22515,03/06/2023,4,4,0,0
22515,03/07/2023,23,23,0,0
22515,03/08/2023,6,6,0,0
22515,03/09/2023,20,12,8,0
22515,03/10/2023,5,5,0,0
22515,03/11/2023,4,4,0,0
22515,03/12/2023,8,4,4,0
22515,03/13/2023,1,1,0,0
22515,03/14/2023,20,20,0,0
22515,03/15/2023,1,1,0,0
22515,03/16/2023,5,5,0,0
22515,03/17/2023,15,15,0,0
22515,03/18/2023,1,1,0,0
22515,03/19/2023,20,16,4,0
22515,03/20/2023,9,9,0,0
22515,03/21/2023,14,14,0,0
22515,03/22/2023,2,2,0,0
22601,02/28/2023,5,5,0,0
22601,03/01/2023,2,2,0,0
22601,03/03/2023,4,0,2,2
22601,03/04/2023,93,43,38,12
22601,03/07/2023,2,2,0,0
22601,03/09/2023,3,3,0,0
22601,03/10/2023,11,9,2,0
22601,03/11/2023,18,18,0,0
22601,03/12/2023,1,1,0,0
22601,03/21/2023,27,27,0,0
22601,03/22/2023,1,1,0,0
22602,03/01/2023,13,13,0,0
22602,03/02/2023,1,1,0,0
22602,03/03/2023,34,34,0,0
22602,03/04/2023,3,3,0,0
22602,03/05/2023,4,4,0,0
22602,03/07/2023,10,8,2,0
22602,03/08/2023,2,2,0,0
22602,03/09/2023,17,17,0,0
22602,03/10/2023,2,2,0,0
22603,02/28/2023,29,29,0,0
22603,03/01/2023,1,1,0,0
22603,03/02/2023,2,2,0,0
22603,03/03/2023,9,9,0,0
22603,03/04/2023,22,20,2,0
22603,03/05/2023,13,13,0,0
22603,03/06/2023,2,2,0,0
22603,03/07/2023,1,1,0,0
22603,03/08/2023,4,4,0,0
22603,03/09/2023,29,25,4,0
22603,03/10/2023,1,1,0,0
22603,03/11/2023,4,4,0,0
22603,03/12/2023,9,9,0,0
22603,03/13/2023,8,8,0,0
22603,03/14/2023,5,5,0,0
22603,03/15/2023,3,3,0,0
22603,03/16/2023,1,1,0,0
22603,03/17/2023,6,6,0,0
22603,03/18/2023,3,3,0,0
22603,03/19/2023,11,11,0,0
22603,03/20/2023,10,10,0,0
22603,03/21/2023,7,7,0,0
22603,03/22/2023,2,2,0,0
22604,02/28/2023,112,50,62,0
22604,03/01/2023,88,72,16,0
22604,03/02/2023,73,63,4,6
22604,03/03/2023,7,7,0,0
22604,03/04/2023,56,50,6,0
22604,03/05/2023,72,46,24,2
22604,03/06/2023,96,38,54,4
22604,03/07/2023,64,50,14,0
22604,03/08/2023,31,17,14,0
22604,03/09/2023,115,55,48,12
22604,03/10/2023,40,34,6,0
22604,03/11/2023,31,31,0,0
22604,03/12/2023,69,43,26,0
22604,03/13/2023,93,55,38,0
22604,03/14/2023,38,18,20,0
22604,03/15/2023,83,53,30,0
22604,03/16/2023,45,45,0,0
22604,03/17/2023,87,55,32,0
22604,03/18/2023,92,66,26,0
22604,03/19/2023,40,28,8,4
22604,03/20/2023,50,32,18,0
22604,03/21/2023,85,49,36,0
22604,03/22/2023,18,12,6,0
22605,02/27/2023,17,15,2,0
22605,02/28/2023,43,43,0,0
22605,03/01/2023,12,12,0,0
22605,03/02/2023,5,5,0,0
22605,03/03/2023,9,9,0,0
22605,03/04/2023,5,5,0,0
22605,03/05/2023,11,11,0,0
22605,03/06/2023,10,10,0,0
22605,03/07/2023,20,20,0,0
22605,03/08/2023,11,11,0,0
22605,03/09/2023,43,41,2,0
22605,03/10/2023,9,9,0,0
22605,03/11/2023,17,17,0,0
22605,03/12/2023,4,4,0,0
22605,03/13/2023,17,17,0,0
22605,03/14/2023,3,3,0,0
22605,03/15/2023,15,15,0,0
22605,03/16/2023,14,10,4,0
22605,03/17/2023,1,1,0,0
22605,03/18/2023,9,9,0,0
22605,03/19/2023,1,1,0,0
22605,03/20/2023,3,3,0,0
22605,03/21/2023,7,7,0,0
22605,03/22/2023,21,21,0,0
22610,03/03/2023,2,2,0,0
22610,03/04/2023,1,1,0,0
22610,03/05/2023,2,2,0,0
22610,03/07/2023,8,8,0,0
22610,03/08/2023,13,13,0,0
22610,03/10/2023,2,2,0,0
22610,03/11/2023,1,1,0,0
22610,03/14/2023,1,1,0,0
22610,03/16/2023,1,1,0,0
22610,03/17/2023,37,19,18,0
22610,03/18/2023,2,2,0,0
22611,02/28/2023,2,2,0,0
22611,03/01/2023,13,13,0,0
22611,03/02/2023,1,1,0,0
22611,03/04/2023,4,4,0,0
22611,03/06/2023,36,36,0,0
22611,03/07/2023,1,1,0,0
22611,03/08/2023,13,9,4,0
22611,03/09/2023,5,5,0,0
22611,03/10/2023,4,4,0,0
22611,03/13/2023,23,21,2,0
22611,03/14/2023,6,6,0,0
22611,03/15/2023,34,22,12,0
22611,03/16/2023,7,7,0,0
22611,03/17/2023,14,14,0,0
22611,03/18/2023,2,2,0,0
22612,03/01/2023,27,19,8,0
22612,03/02/2023,10,10,0,0
22612,03/03/2023,5,5,0,0
22612,03/04/2023,71,71,0,0
22612,03/05/2023,22,20,2,0
22612,03/06/2023,71,19,28,24
22612,03/07/2023,15,15,0,0
22612,03/09/2023,3,3,0,0
22612,03/20/2023,13,7,6,0
22612,03/21/2023,17,17,0,0
22613,03/07/2023,13,13,0,0
22613,03/08/2023,36,36,0,0
22613,03/09/2023,43,43,0,0
22613,03/10/2023,68,68,0,0
22613,03/11/2023,50,50,0,0
22613,03/12/2023,152,148,4,0
22613,03/13/2023,117,95,22,0
22613,03/14/2023,22,22,0,0
22613,03/15/2023,10,10,0,0
22613,03/16/2023,16,16,0,0
22613,03/19/2023,31,31,0,0
22613,03/20/2023,19,19,0,0
22613,03/21/2023,19,19,0,0
22613,03/22/2023,25,25,0,0
22616,03/01/2023,12,12,0,0
22616,03/02/2023,20,20,0,0
22616,03/03/2023,58,58,0,0
22616,03/04/2023,5,5,0,0
22616,03/06/2023,7,7,0,0
22616,03/08/2023,11,11,0,0
22616,03/09/2023,47,47,0,0
22616,03/10/2023,1,1,0,0
22616,03/11/2023,53,53,0,0
22616,03/12/2023,4,4,0,0
22616,03/13/2023,3,3,0,0
22616,03/14/2023,6,2,0,4
22616,03/20/2023,1,1,0,0
22616,03/22/2023,7,3,4,0
22701,03/03/2023,15,15,0,0
22701,03/04/2023,58,58,0,0
22701,03/05/2023,22,16,6,0
22701,03/06/2023,122,122,0,0
22701,03/07/2023,62,62,0,0
22701,03/08/2023,139,137,2,0
22701,03/09/2023,4,4,0,0
22701,03/10/2023,2,2,0,0
22701,03/11/2023,6,6,0,0
22701,03/13/2023,1,1,0,0
22701,03/14/2023,12,12,0,0
22701,03/15/2023,9,9,0,0
22701,03/16/2023,5,5,0,0
22701,03/17/2023,3,3,0,0
22701,03/18/2023,6,6,0,0
22701,03/20/2023,25,25,0,0
22701,03/21/2023,5,5,0,0
22701,03/22/2023,23,23,0,0
22710,03/07/2023,14,14,0,0
22710,03/08/2023,6,6,0,0
22710,03/09/2023,16,16,0,0
22710,03/10/2023,10,4,6,0
22710,03/11/2023,3,3,0,0
22710,03/13/2023,6,6,0,0
22710,03/22/2023,15,11,4,0
22712,03/03/2023,5,5,0,0
22712,03/04/2023,35,15,20,0
22712,03/05/2023,5,5,0,0
22712,03/07/2023,21,21,0,0
22712,03/08/2023,67,67,0,0
22712,03/09/2023,5,3,2,0
22712,03/10/2023,15,15,0,0
22712,03/11/2023,19,17,2,0
22712,03/12/2023,3,1,2,0
22712,03/13/2023,16,16,0,0
22712,03/14/2023,17,11,6,0
22712,03/15/2023,50,50,0,0
22712,03/16/2023,2,2,0,0
22712,03/18/2023,2,2,0,0
22712,03/19/2023,3,3,0,0
22712,03/20/2023,29,29,0,0
22712,03/21/2023,14,14,0,0
22712,03/22/2023,29,29,0,0
22803,03/07/2023,113,87,26,0
22803,03/08/2023,38,38,0,0
22803,03/09/2023,108,102,6,0
22803,03/10/2023,16,10,6,0
22803,03/12/2023,20,12,8,0
22803,03/13/2023,42,28,14,0
22803,03/17/2023,16,16,0,0
22803,03/18/2023,61,43,18,0
22803,03/19/2023,12,12,0,0
22803,03/20/2023,23,9,14,0
22803,03/21/2023,36,26,10,0
22810,03/07/2023,1,1,0,0
22810,03/08/2023,14,14,0,0
22810,03/09/2023,1,1,0,0
22810,03/10/2023,47,41,6,0
22810,03/11/2023,7,7,0,0
22810,03/12/2023,24,20,4,0
22810,03/13/2023,4,4,0,0
22810,03/15/2023,1,1,0,0
22810,03/18/2023,18,12,6,0
22810,03/19/2023,5,5,0,0
22810,03/20/2023,28,26,2,0
22810,03/21/2023,4,4,0,0
22810,03/22/2023,9,9,0,0
22811,03/07/2023,37,37,0,0
22811,03/08/2023,103,103,0,0
22811,03/09/2023,98,98,0,0
22811,03/10/2023,133,25,108,0
22811,03/11/2023,70,52,18,0
22811,03/12/2023,91,29,62,0
22811,03/13/2023,15,13,2,0
22811,03/14/2023,57,57,0,0
22811,03/15/2023,111,93,18,0
22811,03/16/2023,14,14,0,0
22811,03/17/2023,78,76,2,0
22811,03/18/2023,7,7,0,0
22811,03/19/2023,44,44,0,0
22811,03/20/2023,2,2,0,0
22811,03/21/2023,119,119,0,0
22811,03/22/2023,17,17,0,0
22812,03/07/2023,2,2,0,0
22812,03/11/2023,3,3,0,0
22812,03/15/2023,8,8,0,0
22812,03/16/2023,7,7,0,0
22812,03/17/2023,7,7,0,0
22812,03/18/2023,13,13,0,0
22812,03/20/2023,3,3,0,0
22812,03/21/2023,4,4,0,0
22813,03/07/2023,27,27,0,0
22813,03/08/2023,42,40,2,0
22813,03/09/2023,38,38,0,0
22813,03/10/2023,82,80,2,0
22813,03/11/2023,46,46,0,0
22813,03/12/2023,42,42,0,0
22813,03/13/2023,85,57,28,0
22813,03/14/2023,2,2,0,0
22813,03/15/2023,95,87,8,0
22813,03/16/2023,13,13,0,0
22813,03/17/2023,120,120,0,0
22813,03/19/2023,1,1,0,0
22813,03/20/2023,117,107,10,0
22813,03/21/2023,27,23,4,0
22813,03/22/2023,29,29,0,0
