Id,ActivityDay,Calories
21101,2/28/2023,1923
21101,3/1/2023,2235
21101,3/2/2023,2240
21101,3/3/2023,2580
21101,3/4/2023,2692
21101,3/5/2023,2505
21101,3/6/2023,2109
21101,3/7/2023,2068
21101,3/8/2023,2468
21101,3/9/2023,3626
21101,3/10/2023,3112
21101,3/11/2023,2270
21101,3/12/2023,2863
21101,3/13/2023,2196
21101,3/14/2023,2696
21101,3/15/2023,2520
21101,3/16/2023,2853
21101,3/17/2023,2251
21101,3/18/2023,2407
21101,3/19/2023,2043
21101,3/20/2023,2240
21101,3/21/2023,2466
21101,3/22/2023,1192
21102,2/28/2023,1608
21102,3/1/2023,2182
21102,3/2/2023,2689
21102,3/3/2023,2698
21102,3/4/2023,1360
21102,3/5/2023,1363
21102,3/6/2023,1359
21102,3/7/2023,2286
21102,3/8/2023,2335
21102,3/9/2023,1359
21102,3/10/2023,1383
21102,3/11/2023,483
21103,2/28/2023,1793
21103,3/1/2023,1818
21103,3/2/2023,1983
21103,3/3/2023,2020
21103,3/4/2023,2256
21103,3/5/2023,1931
21103,3/6/2023,2163
21103,3/7/2023,1956
21103,3/8/2023,2494
21103,3/9/2023,2150
21103,3/10/2023,2175
21103,3/11/2023,3068
21103,3/12/2023,1869
21103,3/13/2023,2346
21103,3/14/2023,2042
21103,3/15/2023,2099
21103,3/16/2023,2076
21103,3/17/2023,1955
21103,3/18/2023,1975
21103,3/19/2023,1378
21103,3/20/2023,2273
21103,3/21/2023,2163
21103,3/22/2023,1027
21104,2/28/2023,1370
21104,3/1/2023,1974
21104,3/2/2023,1969
21104,3/3/2023,2035
21104,3/4/2023,1896
21104,3/5/2023,2218
21104,3/6/2023,2169
21104,3/7/2023,1972
21104,3/8/2023,2031
21104,3/9/2023,1818
21104,3/10/2023,1532
21104,3/11/2023,2038
21104,3/12/2023,1777
21104,3/13/2023,2011
21104,3/14/2023,1919
21104,3/15/2023,2079
21104,3/16/2023,1919
21104,3/17/2023,1935
21104,3/18/2023,1896
21104,3/19/2023,2073
21104,3/20/2023,1243
21111,2/28/2023,2498
21111,3/1/2023,2190
21111,3/2/2023,1519
21111,3/3/2023,2115
21111,3/4/2023,1759
21111,3/5/2023,1852
21111,3/6/2023,1947
21111,3/7/2023,2146
21111,3/8/2023,1890
21111,3/9/2023,1902
21111,3/10/2023,2325
21111,3/11/2023,1978
21111,3/12/2023,2076
21111,3/13/2023,2038
21111,3/14/2023,2044
21111,3/15/2023,2268
21111,3/16/2023,2025
21111,3/17/2023,2289
21111,3/18/2023,1607
21111,3/19/2023,1854
21111,3/20/2023,1790
21111,3/21/2023,2039
21111,3/22/2023,1246
21112,2/28/2023,2903
21112,3/1/2023,3076
21112,3/2/2023,1969
21112,3/3/2023,2646
21112,3/4/2023,2262
21112,3/5/2023,2163
21112,3/6/2023,3044
21112,3/7/2023,2622
21112,3/8/2023,2296
21112,3/9/2023,2921
21112,3/10/2023,2816
21112,3/11/2023,2554
21112,3/12/2023,2321
21112,3/13/2023,2486
21112,3/14/2023,2558
21112,3/15/2023,2548
21112,3/16/2023,2819
21112,3/17/2023,2298
21112,3/18/2023,2469
21112,3/19/2023,2138
21112,3/20/2023,2425
21112,3/21/2023,2683
21112,3/22/2023,1387
21113,2/28/2023,3301
21113,3/1/2023,2972
21113,3/2/2023,3425
21113,3/3/2023,2505
21113,3/4/2023,2826
21113,3/5/2023,3166
21113,3/6/2023,2761
21113,3/7/2023,3230
21113,3/8/2023,2732
21113,3/9/2023,3170
21113,3/10/2023,2474
21113,3/11/2023,3858
21113,3/12/2023,3505
21113,3/13/2023,2650
21113,3/14/2023,2839
21113,3/15/2023,2790
21113,3/16/2023,2981
21113,3/17/2023,2775
21113,3/18/2023,3009
21113,3/19/2023,3239
21113,3/20/2023,3020
21113,3/21/2023,3548
21113,3/22/2023,1692
21114,2/28/2023,2246
21114,3/1/2023,2165
21114,3/2/2023,2195
21114,3/3/2023,2315
21114,3/4/2023,2426
21114,3/5/2023,2531
21114,3/6/2023,2947
21114,3/7/2023,2636
21114,3/8/2023,2385
21114,3/9/2023,2788
21114,3/10/2023,2619
21114,3/11/2023,2600
21114,3/12/2023,2149
21114,3/13/2023,2041
21114,3/14/2023,2829
21114,3/15/2023,2805
21114,3/16/2023,2093
21114,3/17/2023,2859
21114,3/18/2023,3370
21114,3/19/2023,2335
21114,3/20/2023,2474
21114,3/21/2023,2646
21114,3/22/2023,1503
21115,2/28/2023,1941
21115,3/1/2023,1846
21115,3/2/2023,1663
21115,3/3/2023,1890
21115,3/4/2023,1817
21115,3/5/2023,1816
21115,3/6/2023,2163
21115,3/7/2023,2409
21115,3/8/2023,2111
21115,3/9/2023,1708
21115,3/10/2023,1542
21115,3/11/2023,1508
21115,3/12/2023,1505
21115,3/13/2023,1476
21115,3/14/2023,1203
21115,3/15/2023,1591
21115,3/16/2023,1710
21115,3/17/2023,1578
21115,3/18/2023,1694
21115,3/19/2023,1814
21115,3/20/2023,2117
21115,3/21/2023,2131
21115,3/22/2023,994
21116,2/28/2023,2301
21116,3/1/2023,2207
21116,3/2/2023,2223
21116,3/3/2023,2422
21116,3/4/2023,1682
21116,3/5/2023,1500
21116,3/6/2023,2000
21116,3/7/2023,2030
21116,3/8/2023,1266
21116,3/9/2023,2100
21116,3/10/2023,2389
21116,3/11/2023,1385
21116,3/12/2023,1372
21116,3/13/2023,2390
21116,3/14/2023,2011
21116,3/15/2023,1686
21116,3/16/2023,2055
21116,3/17/2023,2043
21116,3/18/2023,1254
21116,3/19/2023,1248
21116,3/20/2023,1522
21117,2/28/2023,2215
21117,3/1/2023,1947
21117,3/2/2023,2241
21117,3/3/2023,2847
21117,3/4/2023,1477
21117,3/5/2023,2637
21117,3/6/2023,2360
21117,3/7/2023,1475
21117,3/8/2023,1865
21117,3/9/2023,2157
21117,3/10/2023,2391
21117,3/11/2023,1855
21117,3/12/2023,1767
21117,3/13/2023,1866
21117,3/14/2023,2504
21117,3/15/2023,2303
21117,3/16/2023,2474
21117,3/17/2023,2427
21117,3/18/2023,574
21118,2/28/2023,1474
21118,3/1/2023,1474
21118,3/2/2023,1761
21118,3/3/2023,2716
21118,3/4/2023,2725
21118,3/5/2023,2268
21118,3/6/2023,2336
21118,3/7/2023,1474
21118,3/8/2023,1474
21118,3/9/2023,1474
21118,3/10/2023,2077
21118,3/11/2023,2337
21118,3/12/2023,1689
21118,3/13/2023,1541
21118,3/14/2023,2443
21118,3/15/2023,2659
21118,3/16/2023,2958
21118,3/17/2023,2760
21118,3/18/2023,2300
21118,3/19/2023,1997
21118,3/20/2023,2856
21118,3/21/2023,2841
21118,3/22/2023,1436
21119,2/28/2023,2748
21119,3/1/2023,2376
21119,3/2/2023,2970
21119,3/3/2023,2949
21119,3/4/2023,2382
21119,3/5/2023,2318
21119,3/6/2023,2608
21119,3/7/2023,2728
21119,3/8/2023,2573
21119,3/9/2023,2626
21119,3/10/2023,2851
21119,3/11/2023,2456
21119,3/12/2023,2506
21119,3/13/2023,1949
21119,3/14/2023,2266
21119,3/15/2023,1666
21119,3/16/2023,1970
21119,3/17/2023,2186
21119,3/18/2023,2097
21119,3/19/2023,2375
21119,3/20/2023,2068
21119,3/21/2023,2867
21119,3/22/2023,1416
21120,2/28/2023,2443
21120,3/1/2023,2499
21120,3/2/2023,2562
21120,3/3/2023,2815
21120,3/4/2023,1855
21120,3/5/2023,1949
21120,3/6/2023,2383
21120,3/7/2023,2402
21120,3/8/2023,2583
21120,3/9/2023,2413
21120,3/10/2023,2203
21120,3/11/2023,2312
21120,3/12/2023,1883
21120,3/13/2023,2428
21120,3/14/2023,2366
21120,3/15/2023,2412
21120,3/16/2023,2453
21120,3/17/2023,2394
21120,3/18/2023,2256
21120,3/19/2023,1937
21120,3/20/2023,2521
21120,3/21/2023,2695
21120,3/22/2023,1509
21121,2/28/2023,2150
21121,3/1/2023,2248
21121,3/2/2023,2215
21121,3/3/2023,1609
21121,3/4/2023,1248
21121,3/5/2023,1248
21121,3/6/2023,2065
21121,3/7/2023,2018
21121,3/8/2023,2049
21121,3/9/2023,2300
21121,3/10/2023,1249
21121,3/11/2023,1248
21121,3/12/2023,1248
21121,3/13/2023,2276
21121,3/14/2023,1838
21121,3/15/2023,2195
21121,3/16/2023,2175
21121,3/17/2023,1504
21122,2/28/2023,1833
21122,3/1/2023,1974
21122,3/2/2023,1158
21122,3/3/2023,2243
21122,3/4/2023,1157
21122,3/5/2023,1157
21122,3/6/2023,1743
21122,3/7/2023,1778
21122,3/8/2023,1338
21122,3/9/2023,1158
21122,3/10/2023,1656
21122,3/11/2023,1203
21122,3/12/2023,1577
21122,3/13/2023,1669
21122,3/14/2023,1695
21122,3/15/2023,1164
21122,3/16/2023,1157
21122,3/17/2023,1157
21122,3/18/2023,1235
21122,3/19/2023,1552
21122,3/20/2023,1866
21122,3/21/2023,912
21123,2/28/2023,2172
21123,3/1/2023,1978
21123,3/2/2023,1992
21123,3/3/2023,2108
21123,3/4/2023,2267
21123,3/5/2023,2295
21123,3/6/2023,1841
21123,3/7/2023,2117
21123,3/8/2023,1586
21123,3/9/2023,1964
21123,3/10/2023,2025
21123,3/11/2023,2086
21123,3/12/2023,2173
21123,3/13/2023,1925
21123,3/14/2023,2450
21123,3/15/2023,1519
21123,3/16/2023,2159
21123,3/17/2023,2344
21123,3/18/2023,2095
21123,3/19/2023,2010
21123,3/20/2023,471
21124,2/28/2023,1795
21124,3/1/2023,1946
21124,3/2/2023,1562
21124,3/3/2023,1956
21124,3/4/2023,1827
21124,3/5/2023,1783
21124,3/6/2023,1715
21124,3/7/2023,1716
21124,3/8/2023,1858
21124,3/9/2023,1648
21124,3/10/2023,1697
21124,3/11/2023,2311
21124,3/12/2023,1479
21124,3/13/2023,1160
21124,3/14/2023,1963
21124,3/15/2023,1699
21124,3/16/2023,2184
21124,3/17/2023,1907
21124,3/18/2023,2190
21124,3/19/2023,2371
21124,3/20/2023,1988
21124,3/21/2023,1842
21124,3/22/2023,1044
21125,2/28/2023,2949
21125,3/1/2023,3294
21125,3/2/2023,3309
21125,3/3/2023,3071
21125,3/4/2023,1715
21125,3/5/2023,1715
21125,3/6/2023,1715
21125,3/7/2023,1715
21125,3/8/2023,1715
21125,3/9/2023,2976
21125,3/10/2023,1715
21125,3/11/2023,2611
21125,3/12/2023,1719
21125,3/13/2023,2868
21125,3/14/2023,1715
21125,3/15/2023,2756
21125,3/16/2023,1715
21125,3/17/2023,2202
21201,2/28/2023,1813
21201,3/1/2023,2144
21201,3/2/2023,2105
21201,3/3/2023,1866
21201,3/4/2023,2112
21201,3/5/2023,1765
21201,3/6/2023,2211
21201,3/7/2023,1512
21201,3/8/2023,2146
21201,3/9/2023,2044
21201,3/10/2023,2343
21201,3/11/2023,1880
21201,3/12/2023,1930
21201,3/13/2023,1575
21201,3/14/2023,2220
21201,3/15/2023,1828
21201,3/16/2023,2126
21201,3/17/2023,1811
21201,3/18/2023,1926
21201,3/19/2023,1882
21201,3/20/2023,1980
21201,3/21/2023,2317
21201,3/22/2023,879
21202,2/28/2023,2103
21202,3/1/2023,1966
21202,3/2/2023,2022
21202,3/3/2023,2015
21202,3/4/2023,2412
21202,3/5/2023,2084
21202,3/6/2023,2210
21202,3/7/2023,2216
21202,3/8/2023,2068
21202,3/9/2023,1859
21202,3/10/2023,2100
21202,3/11/2023,2426
21202,3/12/2023,1829
21202,3/13/2023,1878
21202,3/14/2023,2065
21202,3/15/2023,1819
21202,3/16/2023,1894
21202,3/17/2023,1929
21202,3/18/2023,2119
21202,3/19/2023,2045
21202,3/20/2023,2235
21202,3/21/2023,2005
21202,3/22/2023,541
21203,2/28/2023,2726
21203,3/1/2023,2972
21203,3/2/2023,2899
21203,3/3/2023,2902
21203,3/4/2023,2776
21203,3/5/2023,2770
21203,3/6/2023,2805
21203,3/7/2023,2939
21203,3/8/2023,2807
21203,3/9/2023,2795
21203,3/10/2023,2733
21203,3/11/2023,2388
21203,3/12/2023,2922
21203,3/13/2023,2573
21203,3/14/2023,2521
21203,3/15/2023,2647
21203,3/16/2023,2515
21203,3/17/2023,2617
21203,3/18/2023,2907
21203,3/19/2023,2939
21203,3/20/2023,2895
21203,3/21/2023,2738
21203,3/22/2023,1640
21205,2/28/2023,3144
21205,3/1/2023,3398
21205,3/2/2023,3617
21205,3/3/2023,3159
21205,3/4/2023,2981
21205,3/5/2023,2372
21205,3/6/2023,2735
21205,3/7/2023,2158
21205,3/8/2023,2788
21205,3/9/2023,2413
21205,3/10/2023,2923
21205,3/11/2023,3293
21205,3/12/2023,3377
21205,3/13/2023,2759
21205,3/14/2023,2632
21205,3/15/2023,2726
21205,3/16/2023,2594
21205,3/17/2023,2295
21205,3/18/2023,2345
21205,3/19/2023,2609
21205,3/20/2023,4451
21205,3/21/2023,3765
21205,3/22/2023,1506
21211,2/28/2023,2114
21211,3/1/2023,2058
21211,3/2/2023,1919
21211,3/3/2023,2066
21211,3/4/2023,2119
21211,3/5/2023,1761
21211,3/6/2023,2030
21211,3/7/2023,1775
21211,3/8/2023,1886
21211,3/9/2023,2169
21211,3/10/2023,2268
21211,3/11/2023,1689
21211,3/12/2023,1646
21211,3/13/2023,1589
21211,3/14/2023,1694
21211,3/15/2023,1910
21211,3/16/2023,1638
21211,3/17/2023,1653
21211,3/18/2023,1489
21211,3/19/2023,1526
21211,3/20/2023,0
21212,2/28/2023,3145
21212,3/1/2023,2887
21212,3/2/2023,3083
21212,3/3/2023,2977
21212,3/4/2023,2327
21212,3/5/2023,2706
21212,3/6/2023,3228
21212,3/7/2023,3011
21212,3/8/2023,2940
21212,3/9/2023,3321
21212,3/10/2023,3591
21212,3/11/2023,3146
21212,3/12/2023,2822
21212,3/13/2023,3214
21212,3/14/2023,2485
21212,3/15/2023,2366
21212,3/16/2023,1780
21212,3/17/2023,2548
21212,3/18/2023,2733
21212,3/19/2023,2090
21212,3/20/2023,3159
21212,3/21/2023,3039
21212,3/22/2023,1669
21213,2/28/2023,2436
21213,3/1/2023,2395
21213,3/2/2023,2372
21213,3/3/2023,2457
21213,3/4/2023,2107
21213,3/5/2023,2361
21213,3/6/2023,2386
21213,3/7/2023,2469
21213,3/8/2023,2550
21213,3/9/2023,2741
21213,3/10/2023,2663
21213,3/11/2023,2213
21213,3/12/2023,2557
21213,3/13/2023,2491
21213,3/14/2023,2382
21213,3/15/2023,2518
21213,3/16/2023,2122
21213,3/17/2023,2306
21213,3/18/2023,1869
21213,3/19/2023,2415
21213,3/20/2023,2907
21213,3/21/2023,2663
21213,3/22/2023,1210
21214,2/28/2023,1951
21214,3/1/2023,1998
21214,3/2/2023,3490
21214,3/3/2023,3307
21214,3/4/2023,3641
21214,3/5/2023,3073
21214,3/6/2023,2488
21214,3/7/2023,1429
21215,2/28/2023,2443
21215,3/1/2023,2309
21215,3/2/2023,2412
21215,3/3/2023,2613
21215,3/4/2023,2066
21215,3/5/2023,1915
21215,3/6/2023,2421
21215,3/7/2023,2374
21215,3/8/2023,2482
21215,3/9/2023,2980
21215,3/10/2023,2260
21215,3/11/2023,2185
21215,3/12/2023,2406
21215,3/13/2023,2044
21215,3/14/2023,2213
21215,3/15/2023,1787
21215,3/16/2023,1942
21215,3/17/2023,2082
21215,3/18/2023,2257
21215,3/19/2023,1949
21215,3/20/2023,2330
21215,3/21/2023,2270
21215,3/22/2023,1263
21216,2/28/2023,2729
21216,3/1/2023,2658
21216,3/2/2023,2585
21216,3/3/2023,2717
21216,3/4/2023,2339
21216,3/5/2023,2495
21216,3/6/2023,2948
21216,3/7/2023,2793
21216,3/8/2023,2788
21216,3/9/2023,2883
21216,3/10/2023,2839
21216,3/11/2023,2181
21216,3/12/2023,2683
21216,3/13/2023,1709
21216,3/14/2023,2201
21216,3/15/2023,2082
21216,3/16/2023,2346
21216,3/17/2023,2052
21216,3/18/2023,3176
21216,3/19/2023,2098
21216,3/20/2023,2645
21216,3/21/2023,2773
21216,3/22/2023,1431
21217,2/28/2023,2679
21217,3/1/2023,2385
21217,3/2/2023,2440
21217,3/3/2023,2818
21217,3/4/2023,2416
21217,3/5/2023,3098
21217,3/6/2023,2122
21217,3/7/2023,2429
21217,3/8/2023,2473
21217,3/9/2023,2466
21217,3/10/2023,2823
21217,3/11/2023,2562
21217,3/12/2023,2368
21217,3/13/2023,2134
21217,3/14/2023,2043
21217,3/15/2023,2363
21217,3/16/2023,2062
21217,3/17/2023,2405
21217,3/18/2023,2076
21217,3/19/2023,2544
21217,3/20/2023,2441
21217,3/21/2023,2494
21217,3/22/2023,0
21218,2/28/2023,2710
21218,3/1/2023,3331
21218,3/2/2023,3235
21218,3/3/2023,3357
21218,3/4/2023,2410
21218,3/5/2023,2890
21218,3/6/2023,3300
21218,3/7/2023,3087
21218,3/8/2023,3401
21218,3/9/2023,2644
21218,3/10/2023,4057
21218,3/11/2023,3693
21218,3/12/2023,4364
21218,3/13/2023,3953
21218,3/14/2023,4050
21218,3/15/2023,4756
21218,3/16/2023,5418
21218,3/17/2023,4215
21218,3/18/2023,2365
21218,3/19/2023,2185
21218,3/20/2023,3023
21218,3/21/2023,2734
21218,3/22/2023,2107
21219,2/28/2023,1521
21219,3/1/2023,2217
21219,3/2/2023,2546
21219,3/3/2023,2545
21219,3/4/2023,1625
21219,3/5/2023,1476
21219,3/6/2023,2088
21219,3/7/2023,2571
21219,3/8/2023,2249
21219,3/9/2023,1475
21219,3/10/2023,1475
21219,3/11/2023,1582
21219,3/12/2023,1474
21219,3/13/2023,1474
21219,3/14/2023,1474
21219,3/15/2023,1474
21219,3/16/2023,1474
21219,3/17/2023,1474
21219,3/18/2023,1474
21219,3/19/2023,1474
21219,3/20/2023,2004
21219,3/21/2023,2393
21219,3/22/2023,1520
21220,2/28/2023,2035
21220,3/1/2023,2612
21220,3/2/2023,2111
21220,3/3/2023,1894
21220,3/4/2023,2911
21220,3/5/2023,2209
21220,3/6/2023,3249
21220,3/7/2023,2963
21220,3/8/2023,2693
21220,3/9/2023,2598
21220,3/10/2023,2531
21220,3/11/2023,2028
21220,3/12/2023,1975
21220,3/13/2023,2354
21220,3/14/2023,1576
21220,3/15/2023,2249
21220,3/16/2023,2369
21220,3/17/2023,2022
21220,3/18/2023,1696
21220,3/19/2023,2011
21220,3/20/2023,2550
21220,3/21/2023,2314
21220,3/22/2023,460
21221,2/28/2023,2391
21221,3/1/2023,2481
21221,3/2/2023,2019
21221,3/3/2023,2737
21221,3/4/2023,2417
21221,3/5/2023,2090
21221,3/6/2023,2537
21221,3/7/2023,2325
21221,3/8/2023,2456
21221,3/9/2023,2380
21221,3/10/2023,2531
21221,3/11/2023,2247
21221,3/12/2023,2320
21221,3/13/2023,2117
21221,3/14/2023,2113
21221,3/15/2023,2400
21221,3/16/2023,2469
21221,3/17/2023,2181
21221,3/18/2023,2280
21221,3/19/2023,2169
21221,3/20/2023,2438
21221,3/21/2023,2408
21221,3/22/2023,1459
21222,2/28/2023,2681
21222,3/1/2023,2705
21222,3/2/2023,2619
21222,3/3/2023,2519
21222,3/4/2023,2236
21222,3/5/2023,2372
21222,3/6/2023,2939
21222,3/7/2023,2917
21222,3/8/2023,2782
21222,3/9/2023,2791
21222,3/10/2023,3147
21222,3/11/2023,2600
21222,3/12/2023,2398
21222,3/13/2023,2497
21222,3/14/2023,2294
21222,3/15/2023,2100
21222,3/16/2023,2452
21222,3/17/2023,2185
21222,3/18/2023,2682
21222,3/19/2023,2846
21222,3/20/2023,3259
21222,3/21/2023,2996
21222,3/22/2023,1563
21223,2/28/2023,2364
21223,3/1/2023,2321
21223,3/2/2023,2187
21223,3/3/2023,2262
21223,3/4/2023,2216
21223,3/5/2023,1759
21223,3/6/2023,2339
21223,3/7/2023,2286
21223,3/8/2023,2755
21223,3/9/2023,2348
21223,3/10/2023,2143
21223,3/11/2023,1876
21223,3/12/2023,1775
21223,3/13/2023,1612
21223,3/14/2023,1687
21223,3/15/2023,1917
21223,3/16/2023,1869
21223,3/17/2023,1848
21223,3/18/2023,1597
21223,3/19/2023,1614
21223,3/20/2023,2430
21223,3/21/2023,2289
21223,3/22/2023,555
21224,2/28/2023,1437
21224,3/1/2023,2377
21224,3/2/2023,3175
21224,3/3/2023,3283
21224,3/4/2023,2438
21224,3/5/2023,2986
21224,3/6/2023,3383
21224,3/7/2023,3074
21224,3/8/2023,2939
21224,3/9/2023,3100
21224,3/10/2023,3039
21224,3/11/2023,2811
21224,3/12/2023,1969
21224,3/13/2023,2626
21224,3/14/2023,2565
21224,3/15/2023,2402
21224,3/16/2023,1994
21224,3/17/2023,1487
21224,3/18/2023,2582
21224,3/19/2023,2019
21224,3/20/2023,0
21225,2/28/2023,1762
21225,3/1/2023,1751
21225,3/2/2023,2402
21225,3/3/2023,1951
21225,3/4/2023,1994
21225,3/5/2023,1873
21225,3/6/2023,1852
21225,3/7/2023,2491
21225,3/8/2023,2388
21225,3/9/2023,2236
21225,3/10/2023,2315
21225,3/11/2023,2183
21225,3/12/2023,1901
21225,3/13/2023,2014
21225,3/14/2023,1862
21225,3/15/2023,1689
21225,3/16/2023,1595
21225,3/17/2023,1709
21225,3/18/2023,1742
21225,3/19/2023,1650
21225,3/20/2023,2289
21225,3/21/2023,2311
21225,3/22/2023,493
21226,2/28/2023,2351
21226,3/1/2023,2729
21226,3/2/2023,3107
21226,3/3/2023,2100
21226,3/4/2023,2100
21226,3/5/2023,1909
21226,3/6/2023,2132
21226,3/7/2023,2140
21226,3/8/2023,1901
21226,3/9/2023,1345
21226,3/10/2023,1398
21226,3/11/2023,1344
21226,3/12/2023,1377
21226,3/13/2023,1766
21226,3/14/2023,1724
21226,3/15/2023,2134
21226,3/16/2023,1637
21226,3/17/2023,1743
21226,3/18/2023,1517
21226,3/19/2023,1484
21226,3/20/2023,2202
21226,3/21/2023,2425
21226,3/22/2023,1182
21227,2/28/2023,3146
21227,3/1/2023,3220
21227,3/2/2023,2520
21227,3/3/2023,1291
21227,3/4/2023,1649
21227,3/5/2023,3028
21227,3/6/2023,2521
21227,3/7/2023,2642
21227,3/8/2023,2257
21227,3/9/2023,3100
21227,3/10/2023,2071
21227,3/11/2023,2110
21227,3/12/2023,2540
21227,3/13/2023,2817
21227,3/14/2023,3015
21227,3/15/2023,2679
21227,3/16/2023,2371
21227,3/17/2023,2145
21227,3/18/2023,2892
21227,3/19/2023,3050
21227,3/20/2023,2946
21227,3/21/2023,2559
21227,3/22/2023,778
21228,2/28/2023,1474
21228,3/1/2023,1610
21228,3/2/2023,2477
21228,3/3/2023,2510
21228,3/4/2023,1908
21228,3/5/2023,2070
21228,3/6/2023,2481
21228,3/7/2023,2397
21228,3/8/2023,2578
21228,3/9/2023,2508
21228,3/10/2023,2334
21228,3/11/2023,1902
21228,3/12/2023,2123
21228,3/13/2023,2260
21228,3/14/2023,2051
21228,3/15/2023,2347
21228,3/16/2023,1859
21228,3/17/2023,1789
21228,3/18/2023,1995
21228,3/19/2023,2053
21228,3/20/2023,2588
21228,3/21/2023,2432
21228,3/22/2023,1201
21301,2/28/2023,2579
21301,3/1/2023,2731
21301,3/2/2023,2673
21301,3/3/2023,2562
21301,3/4/2023,2443
21301,3/5/2023,2332
21301,3/6/2023,2594
21301,3/7/2023,2669
21301,3/8/2023,2854
21301,3/9/2023,2781
21301,3/10/2023,3055
21301,3/11/2023,2722
21301,3/12/2023,3163
21301,3/13/2023,3169
21301,3/14/2023,3004
21301,3/15/2023,3199
21301,3/16/2023,2857
21301,3/17/2023,2940
21301,3/18/2023,2816
21301,3/19/2023,3052
21301,3/20/2023,2942
21301,3/21/2023,2723
21301,3/22/2023,1317
21302,2/28/2023,2333
21302,3/1/2023,2464
21302,3/2/2023,2594
21302,3/3/2023,2426
21302,3/4/2023,2244
21302,3/5/2023,2565
21302,3/6/2023,2462
21302,3/7/2023,2302
21302,3/8/2023,2325
21302,3/9/2023,2487
21302,3/10/2023,2359
21302,3/11/2023,2606
21302,3/12/2023,2370
21302,3/13/2023,2511
21302,3/14/2023,2912
21302,3/15/2023,3137
21302,3/16/2023,3152
21302,3/17/2023,2315
21302,3/18/2023,2049
21302,3/19/2023,2574
21302,3/20/2023,2234
21302,3/21/2023,2568
21302,3/22/2023,1227
21303,2/28/2023,2920
21303,3/1/2023,2656
21303,3/2/2023,2490
21303,3/3/2023,2353
21303,3/4/2023,2430
21303,3/5/2023,2376
21303,3/6/2023,2545
21303,3/7/2023,2324
21303,3/8/2023,2977
21303,3/9/2023,2951
21303,3/10/2023,2435
21303,3/11/2023,2102
21303,3/12/2023,2056
21303,3/13/2023,2231
21303,3/14/2023,2226
21303,3/15/2023,2301
21303,3/16/2023,2458
21303,3/17/2023,2420
21303,3/18/2023,2237
21303,3/19/2023,2357
21303,3/20/2023,2722
21303,3/21/2023,2597
21303,3/22/2023,0
21304,2/28/2023,2726
21304,3/1/2023,2783
21304,3/2/2023,2820
21304,3/3/2023,2997
21304,3/4/2023,2967
21304,3/5/2023,3039
21304,3/6/2023,2532
21304,3/7/2023,2586
21304,3/8/2023,2614
21304,3/9/2023,2937
21304,3/10/2023,2961
21304,3/11/2023,2692
21304,3/12/2023,3493
21304,3/13/2023,3623
21304,3/14/2023,3321
21304,3/15/2023,2563
21304,3/16/2023,2549
21304,3/17/2023,2547
21304,3/18/2023,2402
21304,3/19/2023,2621
21304,3/20/2023,2471
21304,3/21/2023,2412
21304,3/22/2023,1411
21305,2/28/2023,1474
21305,3/1/2023,2108
21305,3/2/2023,2058
21305,3/3/2023,2134
21305,3/4/2023,1723
21305,3/5/2023,1748
21305,3/6/2023,2087
21305,3/7/2023,2236
21305,3/8/2023,2429
21305,3/9/2023,2212
21305,3/10/2023,2442
21305,3/11/2023,1968
21305,3/12/2023,1911
21305,3/13/2023,2086
21305,3/14/2023,2084
21305,3/15/2023,1923
21305,3/16/2023,2143
21305,3/17/2023,2004
21305,3/18/2023,1977
21305,3/19/2023,2191
21305,3/20/2023,2169
21305,3/21/2023,1960
21305,3/22/2023,1177
21306,2/28/2023,2431
21306,3/1/2023,2242
21306,3/2/2023,2545
21306,3/3/2023,2317
21306,3/4/2023,2162
21306,3/5/2023,2140
21306,3/6/2023,2962
21306,3/7/2023,2348
21306,3/8/2023,2474
21306,3/9/2023,2475
21306,3/10/2023,2055
21306,3/11/2023,2196
21306,3/12/2023,2096
21306,3/13/2023,2119
21306,3/14/2023,2089
21306,3/15/2023,1988
21306,3/16/2023,2143
21306,3/17/2023,2112
21306,3/18/2023,1931
21306,3/19/2023,1936
21306,3/20/2023,2865
21306,3/21/2023,2317
21306,3/22/2023,324
21307,2/28/2023,1807
21307,3/1/2023,2098
21307,3/2/2023,2025
21307,3/3/2023,1955
21307,3/4/2023,2167
21307,3/5/2023,2006
21307,3/6/2023,1635
21307,3/7/2023,1906
21307,3/8/2023,1953
21307,3/9/2023,1933
21307,3/10/2023,2096
21307,3/11/2023,2113
21307,3/12/2023,1773
21307,3/13/2023,1846
21307,3/14/2023,1753
21307,3/15/2023,1811
21307,3/16/2023,1586
21307,3/17/2023,2555
21307,3/18/2023,1628
21307,3/19/2023,2019
21307,3/20/2023,1795
21307,3/21/2023,1855
21307,3/22/2023,1010
21308,3/1/2023,1474
21308,3/2/2023,1474
21308,3/3/2023,1475
21308,3/4/2023,1474
21308,3/5/2023,1474
21308,3/6/2023,1539
21308,3/7/2023,1475
21308,3/8/2023,1475
21308,3/9/2023,1475
21308,3/10/2023,947
21311,2/28/2023,2483
21311,3/1/2023,2368
21311,3/2/2023,2375
21311,3/3/2023,2546
21311,3/4/2023,1793
21311,3/5/2023,1860
21311,3/6/2023,2437
21311,3/7/2023,2531
21311,3/8/2023,2509
21311,3/9/2023,2476
21311,3/10/2023,2843
21311,3/11/2023,1491
21311,3/12/2023,1474
21311,3/13/2023,1474
21311,3/14/2023,1475
21311,3/15/2023,1474
21311,3/16/2023,1474
21311,3/17/2023,1474
21311,3/18/2023,1474
21311,3/19/2023,1474
21311,3/20/2023,1474
21311,3/21/2023,2441
21311,3/22/2023,1326
21312,2/28/2023,3081
21312,3/1/2023,3076
21312,3/2/2023,3151
21312,3/3/2023,2939
21312,3/4/2023,2129
21312,3/5/2023,2040
21312,3/6/2023,3094
21312,3/7/2023,1712
21312,3/8/2023,3277
21312,3/9/2023,2697
21312,3/10/2023,3110
21312,3/11/2023,1912
21312,3/12/2023,2011
21312,3/13/2023,1765
21312,3/14/2023,2187
21312,3/15/2023,2044
21312,3/16/2023,1877
21312,3/17/2023,1816
21312,3/18/2023,1555
21312,3/19/2023,2277
21312,3/20/2023,2895
21312,3/21/2023,3097
21312,3/22/2023,1330
21313,2/28/2023,1939
21313,3/1/2023,2114
21313,3/2/2023,2165
21313,3/3/2023,2030
21313,3/4/2023,1974
21313,3/5/2023,2002
21313,3/6/2023,3105
21313,3/7/2023,3083
21313,3/8/2023,2960
21313,3/9/2023,2838
21313,3/10/2023,2976
21313,3/11/2023,1878
21313,3/12/2023,1705
21313,3/13/2023,1758
21313,3/14/2023,1780
21313,3/15/2023,1868
21313,3/16/2023,1880
21313,3/17/2023,2411
21313,3/18/2023,2221
21313,3/19/2023,1950
21313,3/20/2023,2969
21313,3/21/2023,1444
21313,3/22/2023,1572
21314,2/28/2023,2868
21314,3/1/2023,2798
21314,3/2/2023,2803
21314,3/3/2023,2818
21314,3/4/2023,1993
21314,3/5/2023,1784
21314,3/6/2023,2681
21314,3/7/2023,2749
21314,3/8/2023,2773
21314,3/9/2023,2724
21314,3/10/2023,3149
21314,3/11/2023,2094
21314,3/12/2023,1811
21314,3/13/2023,1976
21314,3/14/2023,1822
21314,3/15/2023,1873
21314,3/16/2023,2214
21314,3/17/2023,2276
21314,3/18/2023,2505
21314,3/19/2023,1899
21314,3/20/2023,2436
21314,3/21/2023,1826
21314,3/22/2023,1568
21315,2/28/2023,2486
21315,3/1/2023,2500
21315,3/2/2023,2409
21315,3/3/2023,2562
21315,3/4/2023,1957
21315,3/5/2023,2014
21315,3/6/2023,2455
21315,3/7/2023,2827
21315,3/8/2023,2656
21315,3/9/2023,2817
21315,3/10/2023,2796
21315,3/11/2023,2069
21315,3/12/2023,2203
21315,3/13/2023,2157
21315,3/14/2023,1795
21315,3/15/2023,1948
21315,3/16/2023,1989
21315,3/17/2023,2439
21315,3/18/2023,1793
21315,3/19/2023,2165
21315,3/20/2023,2554
21315,3/21/2023,454
21316,2/28/2023,2390
21316,3/1/2023,2443
21316,3/2/2023,2386
21316,3/3/2023,2705
21316,3/4/2023,1663
21316,3/5/2023,1710
21316,3/6/2023,2228
21316,3/7/2023,2358
21316,3/8/2023,1626
21316,3/9/2023,1839
21316,3/10/2023,2559
21316,3/11/2023,1754
21316,3/12/2023,1875
21316,3/13/2023,1799
21316,3/14/2023,1818
21316,3/15/2023,1800
21316,3/16/2023,1686
21316,3/17/2023,1693
21316,3/18/2023,1863
21316,3/19/2023,1838
21316,3/20/2023,2293
21316,3/21/2023,2195
21316,3/22/2023,1344
21317,2/28/2023,2890
21317,3/1/2023,2681
21317,3/2/2023,2568
21317,3/3/2023,2609
21317,3/4/2023,1951
21317,3/5/2023,2016
21317,3/6/2023,2729
21317,3/7/2023,2774
21317,3/8/2023,2738
21317,3/9/2023,2711
21317,3/10/2023,2771
21317,3/11/2023,1949
21317,3/12/2023,1854
21317,3/13/2023,2070
21317,3/14/2023,2253
21317,3/15/2023,2408
21317,3/16/2023,2556
21317,3/17/2023,2173
21317,3/18/2023,1972
21317,3/19/2023,2051
21317,3/20/2023,2252
21317,3/21/2023,2536
21317,3/22/2023,1472
21318,2/28/2023,2980
21318,3/1/2023,3493
21318,3/2/2023,2666
21318,3/3/2023,3525
21318,3/4/2023,2268
21318,3/5/2023,2569
21318,3/6/2023,3338
21318,3/7/2023,3253
21318,3/8/2023,3347
21318,3/9/2023,3414
21318,3/10/2023,2879
21318,3/11/2023,2480
21318,3/12/2023,2632
21318,3/13/2023,2451
21318,3/14/2023,2417
21318,3/15/2023,3053
21318,3/16/2023,2437
21318,3/17/2023,2232
21318,3/18/2023,2459
21318,3/19/2023,2902
21318,3/20/2023,3171
21318,3/21/2023,3098
21318,3/22/2023,1719
21319,2/28/2023,2699
21319,3/1/2023,2832
21319,3/2/2023,2954
21319,3/3/2023,2909
21319,3/4/2023,2182
21319,3/5/2023,2041
21319,3/6/2023,2652
21319,3/7/2023,2698
21319,3/8/2023,2940
21319,3/9/2023,2763
21319,3/10/2023,2927
21319,3/11/2023,2631
21319,3/12/2023,2054
21319,3/13/2023,2519
21319,3/14/2023,2124
21319,3/15/2023,2284
21319,3/16/2023,2755
21319,3/17/2023,2349
21319,3/18/2023,2693
21319,3/19/2023,2304
21319,3/20/2023,2856
21319,3/21/2023,2838
21319,3/22/2023,1494
21320,2/28/2023,1156
21320,3/1/2023,2380
21320,3/2/2023,2671
21320,3/3/2023,2210
21320,3/4/2023,1709
21320,3/5/2023,2208
21320,3/6/2023,2269
21320,3/7/2023,2094
21320,3/8/2023,2344
21320,3/9/2023,2235
21320,3/10/2023,2524
21320,3/11/2023,1788
21320,3/12/2023,1557
21320,3/13/2023,1891
21320,3/14/2023,1748
21320,3/15/2023,1816
21320,3/16/2023,1103
21320,3/17/2023,1166
21320,3/18/2023,1702
21320,3/19/2023,1804
21320,3/20/2023,2459
21320,3/21/2023,2441
21320,3/22/2023,1360
21321,2/28/2023,2706
21321,3/1/2023,2006
21321,3/2/2023,1792
21321,3/3/2023,1957
21321,3/4/2023,2018
21321,3/5/2023,1957
21321,3/6/2023,2539
21321,3/7/2023,2501
21321,3/8/2023,2273
21321,3/9/2023,2145
21321,3/10/2023,2606
21321,3/11/2023,1928
21321,3/12/2023,2021
21321,3/13/2023,1716
21321,3/14/2023,1739
21321,3/15/2023,1879
21321,3/16/2023,1911
21321,3/17/2023,1907
21321,3/18/2023,1687
21321,3/19/2023,1781
21321,3/20/2023,1441
21321,3/21/2023,2491
21321,3/22/2023,1237
21322,2/28/2023,1703
21322,3/1/2023,3026
21322,3/2/2023,2391
21322,3/3/2023,2165
21322,3/4/2023,1964
21322,3/5/2023,1864
21322,3/6/2023,2346
21322,3/7/2023,2291
21322,3/8/2023,2083
21322,3/9/2023,2109
21322,3/10/2023,2263
21322,3/11/2023,1487
21322,3/12/2023,951
21323,2/28/2023,2845
21323,3/1/2023,2700
21323,3/2/2023,3166
21323,3/3/2023,3398
21323,3/4/2023,2757
21323,3/5/2023,2405
21323,3/6/2023,2724
21323,3/7/2023,2986
21323,3/8/2023,2804
21323,3/9/2023,2978
21323,3/10/2023,3630
21323,3/11/2023,2087
21323,3/12/2023,2193
21323,3/13/2023,2218
21323,3/14/2023,1737
21323,3/15/2023,1721
21323,3/16/2023,2027
21323,3/17/2023,1927
21323,3/18/2023,2130
21323,3/19/2023,2587
21323,3/20/2023,3145
21323,3/21/2023,3061
21323,3/22/2023,725
21324,2/28/2023,2940
21324,3/1/2023,2802
21324,3/2/2023,2679
21324,3/3/2023,3215
21324,3/4/2023,2206
21324,3/5/2023,2330
21324,3/6/2023,2870
21324,3/7/2023,3078
21324,3/8/2023,2881
21324,3/9/2023,2923
21324,3/10/2023,3075
21324,3/11/2023,2478
21324,3/12/2023,2586
21324,3/13/2023,2269
21324,3/14/2023,2586
21324,3/15/2023,2468
21324,3/16/2023,2202
21324,3/17/2023,2480
21324,3/18/2023,2106
21324,3/19/2023,1941
21324,3/20/2023,627
21325,2/28/2023,2800
21325,3/1/2023,3087
21325,3/2/2023,2799
21325,3/3/2023,3226
21325,3/4/2023,2561
21325,3/5/2023,2873
21325,3/6/2023,2953
21325,3/7/2023,2916
21325,3/8/2023,2905
21325,3/9/2023,2814
21325,3/10/2023,3116
21325,3/11/2023,2333
21325,3/12/2023,2027
21325,3/13/2023,2058
21325,3/14/2023,2569
21325,3/15/2023,2459
21325,3/16/2023,2613
21325,3/17/2023,2725
21325,3/18/2023,2852
21325,3/19/2023,3562
21325,3/20/2023,3273
21325,3/21/2023,3208
21325,3/22/2023,0
21326,3/1/2023,2954
21326,3/2/2023,2943
21326,3/3/2023,3254
21326,3/4/2023,2934
21326,3/5/2023,2082
21326,3/6/2023,2876
21326,3/7/2023,2971
21326,3/8/2023,2827
21326,3/9/2023,3156
21326,3/10/2023,3282
21326,3/11/2023,2720
21326,3/12/2023,2533
21326,3/13/2023,2366
21326,3/14/2023,2277
21326,3/15/2023,2668
21326,3/16/2023,2013
21326,3/17/2023,2754
21326,3/18/2023,2077
21326,3/19/2023,2937
21326,3/20/2023,2836
21326,3/21/2023,3134
21326,3/22/2023,1633
21327,3/1/2023,1330
21327,3/2/2023,1330
21327,3/3/2023,2100
21327,3/4/2023,2361
21327,3/5/2023,1955
21327,3/6/2023,2346
21327,3/7/2023,2564
21327,3/8/2023,2671
21327,3/9/2023,2742
21327,3/10/2023,2506
21327,3/11/2023,2078
21327,3/12/2023,1937
21327,3/13/2023,2026
21327,3/14/2023,2352
21327,3/15/2023,2256
21327,3/16/2023,2511
21327,3/17/2023,2410
21327,3/18/2023,2010
21327,3/19/2023,2086
21327,3/20/2023,2449
21327,3/21/2023,483
21328,3/1/2023,3006
21328,3/2/2023,3169
21328,3/3/2023,4044
21328,3/4/2023,3839
21328,3/5/2023,1705
21328,3/6/2023,3531
21328,3/7/2023,3634
21328,3/8/2023,4088
21328,3/9/2023,2971
21328,3/10/2023,3116
21328,3/11/2023,1963
21328,3/12/2023,2235
21328,3/13/2023,2465
21328,3/14/2023,2122
21328,3/15/2023,2452
21328,3/16/2023,2131
21328,3/17/2023,2319
21328,3/18/2023,2794
21328,3/19/2023,2202
21328,3/20/2023,3525
21328,3/21/2023,3318
21328,3/22/2023,2300
21411,3/1/2023,2956
21411,3/2/2023,2495
21411,3/3/2023,2669
21411,3/4/2023,2870
21411,3/5/2023,2241
21411,3/6/2023,1918
21411,3/7/2023,2626
21411,3/8/2023,2435
21411,3/9/2023,2608
21411,3/10/2023,2852
21411,3/11/2023,2918
21411,3/12/2023,2607
21411,3/13/2023,3042
21411,3/14/2023,1503
21411,3/15/2023,2392
21411,3/16/2023,2968
21411,3/17/2023,2868
21411,3/18/2023,2083
21411,3/19/2023,2286
21411,3/20/2023,2674
21411,3/21/2023,2911
21411,3/22/2023,827
21412,3/1/2023,2087
21412,3/2/2023,1990
21412,3/3/2023,1886
21412,3/4/2023,2035
21412,3/5/2023,1788
21412,3/6/2023,2310
21412,3/7/2023,2052
21412,3/8/2023,2095
21412,3/9/2023,2164
21412,3/10/2023,2091
21412,3/11/2023,1619
21412,3/12/2023,1524
21412,3/13/2023,1473
21412,3/14/2023,2012
21412,3/15/2023,2008
21412,3/16/2023,1596
21412,3/17/2023,1684
21412,3/18/2023,1858
21412,3/19/2023,1630
21412,3/20/2023,2060
21412,3/21/2023,2054
21412,3/22/2023,1112
21413,3/1/2023,2700
21413,3/2/2023,2851
21413,3/3/2023,2680
21413,3/4/2023,2425
21413,3/5/2023,1884
21413,3/6/2023,2763
21413,3/7/2023,2633
21413,3/8/2023,2775
21413,3/9/2023,2906
21413,3/10/2023,3038
21413,3/11/2023,1944
21413,3/12/2023,2117
21413,3/13/2023,2832
21413,3/14/2023,2796
21413,3/15/2023,3045
21413,3/16/2023,2989
21413,3/17/2023,2928
21413,3/18/2023,2396
21413,3/19/2023,2209
21413,3/20/2023,1928
21413,3/21/2023,2734
21413,3/22/2023,1589
21414,3/1/2023,2798
21414,3/2/2023,3114
21414,3/3/2023,3519
21414,3/4/2023,2858
21414,3/5/2023,2706
21414,3/6/2023,2924
21414,3/7/2023,2912
21414,3/8/2023,2805
21414,3/9/2023,3251
21414,3/10/2023,2118
21414,3/11/2023,3118
21414,3/12/2023,2579
21414,3/13/2023,2875
21414,3/14/2023,2636
21414,3/15/2023,2960
21414,3/16/2023,2207
21414,3/17/2023,2445
21414,3/18/2023,2384
21414,3/19/2023,2624
21414,3/20/2023,2415
21414,3/21/2023,2813
21414,3/22/2023,1114
22101,2/24/2023,1558
22101,2/25/2023,1933
22101,2/26/2023,1779
22101,2/27/2023,2066
22101,2/28/2023,2211
22101,3/1/2023,2163
22101,3/2/2023,2247
22101,3/3/2023,1845
22101,3/4/2023,2253
22101,3/5/2023,2125
22101,3/6/2023,2253
22101,3/7/2023,2092
22101,3/8/2023,1872
22101,3/9/2023,2238
22101,3/10/2023,2184
22101,3/11/2023,2127
22101,3/12/2023,1663
22101,3/13/2023,2142
22101,3/14/2023,2314
22101,3/15/2023,1885
22101,3/16/2023,1780
22101,3/17/2023,2176
22101,3/18/2023,2019
22101,3/19/2023,1748
22101,3/20/2023,2165
22101,3/21/2023,1921
22101,3/22/2023,1820
22102,2/24/2023,1474
22102,2/25/2023,1474
22102,2/26/2023,1474
22102,2/27/2023,1474
22102,2/28/2023,1474
22102,3/1/2023,1474
22102,3/2/2023,1474
22102,3/3/2023,1474
22102,3/4/2023,1474
22102,3/5/2023,1474
22102,3/6/2023,1474
22102,3/7/2023,1474
22102,3/8/2023,1474
22102,3/9/2023,1474
22102,3/10/2023,1474
22102,3/11/2023,1474
22102,3/12/2023,1474
22102,3/13/2023,1474
22102,3/14/2023,1474
22102,3/15/2023,1474
22102,3/16/2023,1474
22102,3/17/2023,1474
22102,3/18/2023,1474
22102,3/19/2023,1474
22102,3/20/2023,1474
22102,3/21/2023,1474
22102,3/22/2023,830
22103,2/24/2023,1370
22103,2/25/2023,1931
22103,2/26/2023,1868
22103,2/27/2023,1978
22103,2/28/2023,2119
22103,3/1/2023,2065
22103,3/2/2023,1808
22103,3/3/2023,1772
22103,3/4/2023,1789
22103,3/5/2023,2161
22103,3/6/2023,2117
22103,3/7/2023,1854
22103,3/8/2023,1937
22103,3/9/2023,1898
22103,3/10/2023,1736
22103,3/11/2023,1768
22103,3/12/2023,2016
22103,3/13/2023,1664
22103,3/14/2023,1789
22103,3/15/2023,1473
22103,3/16/2023,1955
22103,3/17/2023,1750
22103,3/18/2023,1856
22103,3/19/2023,1879
22103,3/20/2023,1724
22103,3/21/2023,1341
22103,3/22/2023,983
22110,2/24/2023,1714
22110,2/25/2023,1750
22110,2/26/2023,1771
22110,2/27/2023,2098
22110,2/28/2023,3093
22110,3/1/2023,1907
22110,3/2/2023,2965
22110,3/3/2023,3397
22110,3/4/2023,2767
22110,3/5/2023,2628
22110,3/6/2023,3087
22110,3/7/2023,2868
22110,3/8/2023,3087
22110,3/9/2023,3341
22110,3/10/2023,3694
22110,3/11/2023,2601
22110,3/12/2023,2756
22110,3/13/2023,2546
22110,3/14/2023,1887
22110,3/15/2023,3051
22110,3/16/2023,2391
22110,3/17/2023,2838
22110,3/18/2023,1892
22110,3/19/2023,1888
22110,3/20/2023,3056
22110,3/21/2023,2982
22110,3/22/2023,1905
22111,2/24/2023,2587
22111,2/25/2023,2054
22111,2/26/2023,2180
22111,2/27/2023,2511
22111,2/28/2023,2613
22111,3/1/2023,2519
22111,3/2/2023,2501
22111,3/3/2023,2333
22111,3/4/2023,2236
22111,3/5/2023,2210
22111,3/6/2023,2768
22111,3/7/2023,2769
22111,3/8/2023,2639
22111,3/9/2023,2276
22111,3/10/2023,2801
22111,3/11/2023,1990
22111,3/12/2023,2309
22111,3/13/2023,2213
22111,3/14/2023,2310
22111,3/15/2023,2276
22111,3/16/2023,1981
22111,3/17/2023,2256
22111,3/18/2023,2443
22111,3/19/2023,2309
22111,3/20/2023,2365
22111,3/21/2023,2509
22111,3/22/2023,1302
22112,2/24/2023,1490
22112,2/25/2023,1491
22112,2/26/2023,1493
22112,2/27/2023,2046
22112,2/28/2023,2078
22112,3/1/2023,2377
22112,3/2/2023,2212
22112,3/3/2023,1997
22112,3/4/2023,1811
22112,3/5/2023,1441
22112,3/6/2023,1788
22112,3/7/2023,1910
22112,3/8/2023,2200
22112,3/9/2023,1434
22112,3/10/2023,2269
22112,3/11/2023,1581
22112,3/12/2023,1868
22112,3/13/2023,1918
22112,3/14/2023,1803
22112,3/15/2023,2068
22112,3/16/2023,1789
22112,3/17/2023,1990
22112,3/18/2023,1808
22112,3/19/2023,1466
22112,3/20/2023,2254
22112,3/21/2023,1581
22112,3/22/2023,1097
22113,2/24/2023,3640
22113,2/25/2023,2098
22113,2/26/2023,2338
22113,2/27/2023,3675
22113,2/28/2023,3038
22113,3/1/2023,3562
22113,3/2/2023,3410
22113,3/3/2023,3162
22113,3/4/2023,1996
22113,3/5/2023,1959
22113,3/6/2023,3222
22113,3/7/2023,2722
22113,3/8/2023,1721
22113,3/9/2023,3099
22113,3/10/2023,2135
22113,3/11/2023,1937
22113,3/12/2023,1802
22113,3/13/2023,2278
22113,3/14/2023,2365
22113,3/15/2023,2209
22113,3/16/2023,2119
22113,3/17/2023,1977
22113,3/18/2023,2202
22113,3/19/2023,2504
22113,3/20/2023,3435
22113,3/21/2023,3508
22113,3/22/2023,2042
22114,2/25/2023,2612
22114,2/26/2023,2351
22114,2/27/2023,3416
22114,2/28/2023,2656
22114,3/1/2023,3001
22114,3/2/2023,2935
22114,3/3/2023,2612
22114,3/4/2023,3011
22114,3/5/2023,2665
22114,3/6/2023,2602
22114,3/7/2023,2355
22114,3/8/2023,3214
22114,3/9/2023,2528
22114,3/10/2023,3161
22114,3/11/2023,2976
22114,3/12/2023,2323
22114,3/13/2023,2731
22114,3/14/2023,2238
22114,3/15/2023,2148
22114,3/16/2023,2715
22114,3/17/2023,2235
22114,3/18/2023,2773
22114,3/19/2023,2230
22114,3/20/2023,2483
22114,3/21/2023,2930
22114,3/22/2023,1546
22115,2/25/2023,1829
22115,2/26/2023,2099
22115,2/27/2023,2159
22115,2/28/2023,2507
22115,3/1/2023,2344
22115,3/2/2023,2232
22115,3/3/2023,2075
22115,3/4/2023,1857
22115,3/5/2023,2105
22115,3/6/2023,2241
22115,3/7/2023,2277
22115,3/8/2023,2083
22115,3/9/2023,2228
22115,3/10/2023,2192
22115,3/11/2023,1687
22115,3/12/2023,1709
22115,3/13/2023,1917
22115,3/14/2023,1844
22115,3/15/2023,1656
22115,3/16/2023,1790
22115,3/17/2023,1879
22115,3/18/2023,2145
22115,3/19/2023,1660
22115,3/20/2023,2203
22115,3/21/2023,2325
22115,3/22/2023,1099
22116,2/25/2023,2630
22116,2/26/2023,2847
22116,2/27/2023,2946
22116,2/28/2023,3137
22116,3/1/2023,2821
22116,3/2/2023,2764
22116,3/3/2023,2724
22116,3/4/2023,2530
22116,3/5/2023,2913
22116,3/6/2023,2605
22116,3/7/2023,2899
22116,3/8/2023,2594
22116,3/9/2023,2809
22116,3/10/2023,2704
22116,3/11/2023,2244
22116,3/12/2023,2678
22116,3/13/2023,2410
22116,3/14/2023,2353
22116,3/15/2023,2534
22116,3/16/2023,2450
22116,3/17/2023,2737
22116,3/18/2023,2694
22116,3/19/2023,2242
22116,3/20/2023,2870
22116,3/21/2023,2973
22116,3/22/2023,1482
22117,2/25/2023,2280
22117,2/26/2023,2020
22117,2/27/2023,2441
22117,2/28/2023,2930
22117,3/1/2023,2683
22117,3/2/2023,2554
22117,3/3/2023,2487
22117,3/4/2023,2693
22117,3/5/2023,2450
22117,3/6/2023,2645
22117,3/7/2023,2451
22117,3/8/2023,2708
22117,3/9/2023,2696
22117,3/10/2023,2732
22117,3/11/2023,2406
22117,3/12/2023,1948
22117,3/13/2023,3050
22117,3/14/2023,2170
22117,3/15/2023,1940
22117,3/16/2023,1719
22117,3/17/2023,1719
22117,3/18/2023,1719
22117,3/19/2023,1719
22117,3/20/2023,1719
22117,3/21/2023,1719
22117,3/22/2023,969
22118,2/25/2023,2345
22118,2/26/2023,2234
22118,2/27/2023,1894
22118,2/28/2023,2285
22118,3/1/2023,2613
22118,3/2/2023,2197
22118,3/3/2023,2331
22118,3/4/2023,3537
22118,3/5/2023,3415
22118,3/6/2023,2133
22118,3/7/2023,2251
22118,3/8/2023,2539
22118,3/9/2023,2239
22118,3/10/2023,2472
22118,3/11/2023,3596
22118,3/12/2023,3401
22118,3/13/2023,2295
22118,3/14/2023,2425
22118,3/15/2023,2598
22118,3/16/2023,1953
22118,3/17/2023,2819
22118,3/18/2023,2995
22118,3/19/2023,1637
22118,3/20/2023,0
22119,2/25/2023,2636
22119,2/26/2023,2449
22119,2/27/2023,2955
22119,2/28/2023,2927
22119,3/1/2023,3171
22119,3/2/2023,2890
22119,3/3/2023,2833
22119,3/4/2023,1964
22119,3/5/2023,2365
22119,3/6/2023,3036
22119,3/7/2023,2784
22119,3/8/2023,2481
22119,3/9/2023,2759
22119,3/10/2023,2922
22119,3/11/2023,2499
22119,3/12/2023,2263
22119,3/13/2023,2228
22119,3/14/2023,2416
22119,3/15/2023,2685
22119,3/16/2023,2075
22119,3/17/2023,2417
22119,3/18/2023,2522
22119,3/19/2023,2511
22119,3/20/2023,2666
22119,3/21/2023,2773
22119,3/22/2023,1698
22120,2/25/2023,2483
22120,2/26/2023,1897
22120,2/27/2023,2295
22120,2/28/2023,2272
22120,3/1/2023,1866
22120,3/2/2023,2365
22120,3/3/2023,1759
22120,3/4/2023,2351
22120,3/5/2023,2045
22120,3/6/2023,2196
22120,3/7/2023,2367
22120,3/8/2023,1843
22120,3/9/2023,2480
22120,3/10/2023,2019
22120,3/11/2023,1813
22120,3/12/2023,1332
22120,3/13/2023,2125
22120,3/14/2023,1792
22120,3/15/2023,1773
22120,3/16/2023,1758
22120,3/17/2023,1340
22120,3/18/2023,2102
22120,3/19/2023,1811
22120,3/20/2023,2166
22120,3/21/2023,2270
22120,3/22/2023,1185
22201,2/25/2023,564
22202,2/25/2023,2211
22202,2/26/2023,2234
22202,2/27/2023,2219
22202,2/28/2023,2675
22202,3/1/2023,2290
22202,3/2/2023,2285
22202,3/3/2023,2722
22202,3/4/2023,2788
22202,3/5/2023,2789
22202,3/6/2023,2536
22202,3/7/2023,2515
22202,3/8/2023,2514
22202,3/9/2023,2353
22202,3/10/2023,2278
22202,3/11/2023,2312
22202,3/12/2023,2517
22202,3/13/2023,2415
22202,3/14/2023,2254
22202,3/15/2023,2392
22202,3/16/2023,2325
22202,3/17/2023,2989
22202,3/18/2023,1702
22202,3/19/2023,1618
22202,3/20/2023,2240
22202,3/21/2023,2396
22202,3/22/2023,1312
22203,2/25/2023,566
22204,2/25/2023,2748
22204,2/26/2023,2619
22204,2/27/2023,3077
22204,2/28/2023,2888
22204,3/1/2023,2867
22204,3/2/2023,2943
22204,3/3/2023,2708
22204,3/4/2023,3248
22204,3/5/2023,2930
22204,3/6/2023,2633
22204,3/7/2023,2892
22204,3/8/2023,1983
22204,3/9/2023,1958
22204,3/10/2023,1949
22204,3/11/2023,2262
22204,3/12/2023,2798
22204,3/13/2023,2668
22204,3/14/2023,2541
22204,3/15/2023,2788
22204,3/16/2023,2785
22204,3/17/2023,1942
22204,3/18/2023,1935
22204,3/19/2023,2478
22204,3/20/2023,2497
22204,3/21/2023,2650
22204,3/22/2023,1714
22210,2/25/2023,2801
22210,2/26/2023,3478
22210,2/27/2023,3216
22210,2/28/2023,2827
22210,3/1/2023,3708
22210,3/2/2023,3366
22210,3/3/2023,3603
22210,3/4/2023,3211
22210,3/5/2023,2777
22210,3/6/2023,3246
22210,3/7/2023,2728
22210,3/8/2023,2641
22210,3/9/2023,3167
22210,3/10/2023,2865
22210,3/11/2023,2972
22210,3/12/2023,2655
22210,3/13/2023,3119
22210,3/14/2023,3381
22210,3/15/2023,3014
22210,3/16/2023,2983
22210,3/17/2023,2891
22210,3/18/2023,2846
22210,3/19/2023,2613
22210,3/20/2023,2676
22210,3/21/2023,2493
22210,3/22/2023,1419
22211,2/25/2023,1308
22211,2/26/2023,1288
22211,2/27/2023,1275
22211,2/28/2023,1267
22211,3/1/2023,1261
22211,3/2/2023,1256
22211,3/3/2023,1253
22211,3/4/2023,1250
22211,3/5/2023,1248
22211,3/6/2023,1246
22211,3/7/2023,2005
22211,3/8/2023,1962
22211,3/9/2023,1996
22211,3/10/2023,1888
22211,3/11/2023,1879
22211,3/12/2023,1233
22211,3/13/2023,1810
22211,3/14/2023,1910
22211,3/15/2023,1598
22211,3/16/2023,1696
22211,3/17/2023,1568
22211,3/18/2023,1582
22211,3/19/2023,1627
22211,3/20/2023,509
22212,2/25/2023,2314
22212,2/26/2023,2394
22212,2/27/2023,2719
22212,2/28/2023,2341
22212,3/1/2023,2400
22212,3/2/2023,2578
22212,3/3/2023,2897
22212,3/4/2023,2532
22212,3/5/2023,2642
22212,3/6/2023,2467
22212,3/7/2023,2576
22212,3/8/2023,2510
22212,3/9/2023,2709
22212,3/10/2023,2516
22212,3/11/2023,2475
22212,3/12/2023,2743
22212,3/13/2023,2361
22212,3/14/2023,2397
22212,3/15/2023,2265
22212,3/16/2023,2406
22212,3/17/2023,2288
22212,3/18/2023,2308
22212,3/19/2023,1859
22212,3/20/2023,2695
22212,3/21/2023,2299
22212,3/22/2023,0
22213,2/25/2023,1509
22213,2/26/2023,1552
22213,2/27/2023,1880
22213,2/28/2023,1708
22213,3/1/2023,2016
22213,3/2/2023,1727
22213,3/3/2023,1842
22213,3/4/2023,2020
22213,3/5/2023,1680
22213,3/6/2023,1684
22213,3/7/2023,1641
22213,3/8/2023,1763
22213,3/9/2023,1752
22213,3/10/2023,1961
22213,3/11/2023,1818
22213,3/12/2023,1510
22213,3/13/2023,1351
22213,3/14/2023,1676
22213,3/15/2023,1627
22213,3/16/2023,1485
22213,3/17/2023,1587
22213,3/18/2023,1608
22213,3/19/2023,1345
22213,3/20/2023,1562
22213,3/21/2023,1518
22213,3/22/2023,765
22215,2/25/2023,1971
22215,2/26/2023,2581
22215,2/27/2023,2433
22215,2/28/2023,2191
22215,3/1/2023,2155
22215,3/2/2023,2362
22215,3/3/2023,2686
22215,3/4/2023,2919
22215,3/5/2023,2716
22215,3/6/2023,2498
22215,3/7/2023,2896
22215,3/8/2023,2882
22215,3/9/2023,2825
22215,3/10/2023,2718
22215,3/11/2023,2420
22215,3/12/2023,3758
22215,3/13/2023,2825
22215,3/14/2023,2751
22215,3/15/2023,2816
22215,3/16/2023,2657
22215,3/17/2023,2684
22215,3/18/2023,2528
22215,3/19/2023,2920
22215,3/20/2023,3021
22215,3/21/2023,2936
22215,3/22/2023,1322
22216,2/25/2023,2723
22216,2/26/2023,2817
22216,2/27/2023,3162
22216,2/28/2023,3494
22216,3/1/2023,3469
22216,3/2/2023,3097
22216,3/3/2023,2401
22216,3/4/2023,2662
22216,3/5/2023,2962
22216,3/6/2023,3376
22216,3/7/2023,2410
22216,3/8/2023,3104
22216,3/9/2023,2935
22216,3/10/2023,2681
22216,3/11/2023,2748
22216,3/12/2023,2556
22216,3/13/2023,3043
22216,3/14/2023,3151
22216,3/15/2023,2473
22216,3/16/2023,2781
22216,3/17/2023,2591
22216,3/18/2023,2555
22216,3/19/2023,2578
22216,3/20/2023,3387
22216,3/21/2023,3249
22216,3/22/2023,1970
22217,2/25/2023,2388
22217,2/26/2023,2077
22217,2/27/2023,2669
22217,2/28/2023,2281
22217,3/1/2023,2623
22217,3/2/2023,2740
22217,3/3/2023,2395
22217,3/4/2023,2083
22217,3/5/2023,1766
22217,3/6/2023,2499
22217,3/7/2023,2419
22217,3/8/2023,2461
22217,3/9/2023,2353
22217,3/10/2023,1993
22217,3/11/2023,1759
22217,3/12/2023,1524
22217,3/13/2023,1916
22217,3/14/2023,1530
22217,3/15/2023,2320
22217,3/16/2023,2166
22217,3/17/2023,1953
22217,3/18/2023,1758
22217,3/19/2023,1523
22217,3/20/2023,1523
22217,3/21/2023,1523
22217,3/22/2023,706
22218,3/1/2023,3080
22218,3/2/2023,2906
22218,3/3/2023,3060
22218,3/4/2023,2405
22218,3/5/2023,2143
22218,3/6/2023,2831
22218,3/7/2023,3099
22218,3/8/2023,3002
22218,3/9/2023,2787
22218,3/10/2023,2862
22218,3/11/2023,2253
22218,3/12/2023,2624
22218,3/13/2023,2122
22218,3/14/2023,2735
22218,3/15/2023,2363
22218,3/16/2023,2275
22218,3/17/2023,2424
22218,3/18/2023,2783
22218,3/19/2023,2554
22218,3/20/2023,2208
22218,3/21/2023,0
22301,2/25/2023,1532
22301,2/26/2023,1524
22301,2/27/2023,2520
22301,2/28/2023,2364
22301,3/1/2023,2169
22301,3/2/2023,2484
22301,3/3/2023,2450
22301,3/4/2023,1614
22301,3/5/2023,1960
22301,3/6/2023,2496
22301,3/7/2023,2352
22301,3/8/2023,2438
22301,3/9/2023,2749
22301,3/10/2023,2266
22301,3/11/2023,2625
22301,3/12/2023,2543
22301,3/13/2023,1827
22301,3/14/2023,2204
22301,3/15/2023,2609
22301,3/16/2023,2099
22301,3/17/2023,2514
22301,3/18/2023,2116
22301,3/19/2023,2201
22301,3/20/2023,2165
22301,3/21/2023,2187
22301,3/22/2023,1429
22302,2/25/2023,1297
22302,2/26/2023,1241
22302,2/27/2023,1657
22302,2/28/2023,1918
22302,3/1/2023,1836
22302,3/2/2023,1818
22302,3/3/2023,1779
22302,3/4/2023,1968
22302,3/5/2023,1817
22302,3/6/2023,1860
22302,3/7/2023,1874
22302,3/8/2023,1347
22302,3/9/2023,1871
22302,3/10/2023,1905
22302,3/11/2023,1795
22302,3/12/2023,1552
22302,3/13/2023,1929
22302,3/14/2023,1632
22302,3/15/2023,1846
22302,3/16/2023,1546
22302,3/17/2023,1887
22302,3/18/2023,1622
22302,3/19/2023,1702
22302,3/20/2023,1871
22302,3/21/2023,1857
22302,3/22/2023,917
22310,2/25/2023,2095
22310,2/26/2023,1696
22310,2/27/2023,2524
22310,2/28/2023,2772
22310,3/1/2023,2666
22310,3/2/2023,2255
22310,3/3/2023,2545
22310,3/4/2023,1918
22310,3/5/2023,1829
22310,3/6/2023,2535
22310,3/7/2023,2565
22310,3/8/2023,2468
22310,3/9/2023,2367
22310,3/10/2023,2649
22310,3/11/2023,1916
22310,3/12/2023,1671
22310,3/13/2023,2210
22310,3/14/2023,2456
22310,3/15/2023,2058
22310,3/16/2023,2719
22310,3/17/2023,2636
22310,3/18/2023,1934
22310,3/19/2023,1692
22310,3/20/2023,2367
22310,3/21/2023,2457
22310,3/22/2023,1488
22311,2/25/2023,1356
22311,2/26/2023,1348
22311,2/27/2023,1792
22311,2/28/2023,2221
22311,3/1/2023,2281
22311,3/2/2023,2221
22311,3/3/2023,2035
22311,3/4/2023,1762
22311,3/5/2023,1828
22311,3/6/2023,2449
22311,3/7/2023,2379
22311,3/8/2023,2178
22311,3/9/2023,2375
22311,3/10/2023,2142
22311,3/11/2023,1880
22311,3/12/2023,1777
22311,3/13/2023,1850
22311,3/14/2023,1572
22311,3/15/2023,1788
22311,3/16/2023,1984
22311,3/17/2023,3799
22311,3/18/2023,1698
22311,3/19/2023,2019
22311,3/20/2023,2308
22311,3/21/2023,2207
22311,3/22/2023,1312
22312,2/27/2023,2101
22312,2/28/2023,1904
22312,3/1/2023,2106
22312,3/2/2023,2011
22312,3/3/2023,1886
22312,3/4/2023,1381
22312,3/5/2023,1705
22312,3/6/2023,2131
22312,3/7/2023,2075
22312,3/8/2023,1990
22312,3/9/2023,1987
22312,3/10/2023,1537
22312,3/11/2023,1402
22312,3/12/2023,1426
22312,3/13/2023,1546
22312,3/14/2023,1740
22312,3/15/2023,1481
22312,3/16/2023,1696
22312,3/17/2023,1469
22312,3/18/2023,1396
22312,3/19/2023,1389
22312,3/20/2023,2221
22312,3/21/2023,2032
22312,3/22/2023,1185
22313,2/25/2023,1671
22313,2/26/2023,1657
22313,2/27/2023,2077
22313,2/28/2023,3100
22313,3/1/2023,2915
22313,3/2/2023,2870
22313,3/3/2023,2770
22313,3/4/2023,2584
22313,3/5/2023,3074
22313,3/6/2023,2745
22313,3/7/2023,2722
22313,3/8/2023,2777
22313,3/9/2023,2817
22313,3/10/2023,2525
22313,3/11/2023,2517
22313,3/12/2023,2468
22313,3/13/2023,2741
22313,3/14/2023,2432
22313,3/15/2023,2713
22313,3/16/2023,2744
22313,3/17/2023,2716
22313,3/18/2023,2553
22313,3/19/2023,2607
22313,3/20/2023,3017
22313,3/21/2023,2870
22313,3/22/2023,1820
22314,2/25/2023,1052
22314,2/26/2023,1030
22314,2/27/2023,1597
22314,2/28/2023,1710
22314,3/1/2023,1607
22314,3/2/2023,1778
22314,3/3/2023,1948
22314,3/4/2023,1743
22314,3/5/2023,1196
22314,3/6/2023,1962
22314,3/7/2023,1696
22314,3/8/2023,1875
22314,3/9/2023,1658
22314,3/10/2023,1110
22314,3/11/2023,1484
22314,3/12/2023,1098
22314,3/13/2023,1495
22314,3/14/2023,1361
22314,3/15/2023,1605
22314,3/16/2023,984
22314,3/17/2023,984
22314,3/18/2023,984
22314,3/19/2023,1543
22314,3/20/2023,1654
22314,3/21/2023,1735
22314,3/22/2023,1105
22315,2/25/2023,1691
22315,2/26/2023,1747
22315,2/27/2023,1775
22315,2/28/2023,1792
22315,3/1/2023,1803
22315,3/2/2023,1811
22315,3/3/2023,1817
22315,3/4/2023,1822
22315,3/5/2023,1825
22315,3/6/2023,3211
22315,3/7/2023,3186
22315,3/8/2023,3405
22315,3/9/2023,3362
22315,3/10/2023,3552
22315,3/11/2023,2434
22315,3/12/2023,2498
22315,3/13/2023,3083
22315,3/14/2023,2659
22315,3/15/2023,3897
22315,3/16/2023,2825
22315,3/17/2023,3868
22315,3/18/2023,2418
22315,3/19/2023,2575
22315,3/20/2023,3871
22315,3/21/2023,2750
22315,3/22/2023,654
22316,2/25/2023,1366
22316,2/26/2023,1329
22316,2/27/2023,2077
22316,2/28/2023,2339
22316,3/1/2023,1657
22316,3/2/2023,2489
22316,3/3/2023,2277
22316,3/4/2023,1857
22316,3/5/2023,1768
22316,3/6/2023,1967
22316,3/7/2023,2274
22316,3/8/2023,2188
22316,3/9/2023,2321
22316,3/10/2023,2058
22316,3/11/2023,1905
22316,3/12/2023,1752
22316,3/13/2023,1738
22316,3/14/2023,1538
22316,3/15/2023,1834
22316,3/16/2023,1733
22316,3/17/2023,1924
22316,3/18/2023,1404
22316,3/19/2023,1835
22316,3/20/2023,1839
22316,3/21/2023,2424
22316,3/22/2023,1237
22317,2/27/2023,1948
22317,2/28/2023,2077
22317,3/1/2023,2141
22317,3/2/2023,2179
22317,3/3/2023,2205
22317,3/4/2023,2223
22317,3/5/2023,2237
22317,3/6/2023,3154
22317,3/7/2023,4009
22317,3/8/2023,4203
22317,3/9/2023,4210
22317,3/10/2023,3513
22317,3/11/2023,3482
22317,3/12/2023,3673
22317,3/13/2023,3657
22317,3/14/2023,3877
22317,3/15/2023,4178
22317,3/16/2023,3302
22317,3/17/2023,4931
22317,3/18/2023,916
22401,2/27/2023,1588
22401,2/28/2023,1626
22401,3/1/2023,1644
22401,3/2/2023,2217
22401,3/3/2023,2871
22401,3/4/2023,2102
22401,3/5/2023,2200
22401,3/6/2023,2794
22401,3/7/2023,2719
22401,3/8/2023,2622
22401,3/9/2023,2555
22401,3/10/2023,2593
22401,3/11/2023,2447
22401,3/12/2023,2215
22401,3/13/2023,2677
22401,3/14/2023,2755
22401,3/15/2023,2789
22401,3/16/2023,2691
22401,3/17/2023,2736
22401,3/18/2023,2730
22401,3/19/2023,2034
22401,3/20/2023,1722
22401,3/21/2023,2010
22401,3/22/2023,1440
22402,2/27/2023,1474
22402,2/28/2023,1474
22402,3/1/2023,1474
22402,3/2/2023,1474
22402,3/3/2023,1878
22402,3/4/2023,1840
22402,3/5/2023,1806
22402,3/6/2023,1881
22402,3/7/2023,2000
22402,3/8/2023,1895
22402,3/9/2023,1970
22402,3/10/2023,1884
22402,3/11/2023,1652
22402,3/12/2023,1709
22402,3/13/2023,1766
22402,3/14/2023,1858
22402,3/15/2023,1747
22402,3/16/2023,1841
22402,3/17/2023,1795
22402,3/18/2023,1621
22402,3/19/2023,1714
22402,3/20/2023,1850
22402,3/21/2023,1909
22402,3/22/2023,574
22410,2/27/2023,1380
22410,2/28/2023,1332
22410,3/1/2023,2661
22410,3/2/2023,2874
22410,3/3/2023,2640
22410,3/4/2023,1756
22410,3/5/2023,1910
22410,3/6/2023,2586
22410,3/7/2023,2779
22410,3/8/2023,2404
22410,3/9/2023,2412
22410,3/10/2023,2476
22410,3/11/2023,2019
22410,3/12/2023,1979
22410,3/13/2023,1965
22410,3/14/2023,2103
22410,3/15/2023,2863
22410,3/16/2023,1985
22410,3/17/2023,2605
22410,3/18/2023,2043
22410,3/19/2023,2045
22410,3/20/2023,2659
22410,3/21/2023,2439
22410,3/22/2023,1597
22411,2/27/2023,1470
22411,2/28/2023,1352
22411,3/1/2023,1312
22411,3/2/2023,1286
22411,3/3/2023,2293
22411,3/4/2023,1215
22411,3/5/2023,1295
22411,3/6/2023,2886
22411,3/7/2023,3046
22411,3/8/2023,2476
22411,3/9/2023,2193
22411,3/10/2023,2520
22411,3/11/2023,1741
22411,3/12/2023,1882
22411,3/13/2023,1907
22411,3/14/2023,2017
22411,3/15/2023,1492
22411,3/16/2023,2531
22411,3/17/2023,2484
22411,3/18/2023,2230
22411,3/19/2023,1831
22411,3/20/2023,1933
22411,3/21/2023,0
22501,2/23/2023,3045
22501,2/24/2023,2680
22501,2/25/2023,2897
22501,2/26/2023,4635
22501,2/27/2023,3650
22501,2/28/2023,3818
22501,3/1/2023,2393
22501,3/2/2023,3072
22501,3/3/2023,1815
22501,3/4/2023,2716
22501,3/5/2023,2598
22501,3/6/2023,3370
22501,3/7/2023,2811
22501,3/8/2023,2769
22501,3/9/2023,2854
22501,3/10/2023,1813
22501,3/11/2023,1813
22501,3/12/2023,2432
22501,3/13/2023,3157
22501,3/14/2023,2922
22501,3/15/2023,3094
22501,3/16/2023,3169
22501,3/17/2023,2401
22501,3/18/2023,2183
22501,3/19/2023,3412
22501,3/20/2023,3444
22501,3/21/2023,2696
22501,3/22/2023,1468
22502,2/23/2023,2128
22502,2/24/2023,2533
22502,2/25/2023,2054
22502,2/26/2023,2326
22502,2/27/2023,2231
22502,2/28/2023,2471
22502,3/1/2023,2559
22502,3/2/2023,2086
22502,3/3/2023,2258
22502,3/4/2023,2104
22502,3/5/2023,2153
22502,3/6/2023,2164
22502,3/7/2023,2343
22502,3/8/2023,2551
22502,3/9/2023,2290
22502,3/10/2023,2060
22502,3/11/2023,1847
22502,3/12/2023,2034
22502,3/13/2023,2095
22502,3/14/2023,2142
22502,3/15/2023,2279
22502,3/16/2023,2089
22502,3/17/2023,2130
22502,3/18/2023,2165
22502,3/19/2023,2381
22502,3/20/2023,2294
22502,3/21/2023,2384
22502,3/22/2023,1147
22510,2/23/2023,4480
22510,2/24/2023,4342
22510,2/25/2023,4457
22510,2/26/2023,3910
22510,2/27/2023,4198
22510,2/28/2023,4273
22510,3/1/2023,4075
22510,3/2/2023,3973
22510,3/3/2023,3920
22510,3/4/2023,3089
22510,3/5/2023,4020
22510,3/6/2023,3820
22510,3/7/2023,4321
22510,3/8/2023,3909
22510,3/9/2023,4564
22510,3/10/2023,4379
22510,3/11/2023,3549
22510,3/12/2023,2374
22510,3/13/2023,3677
22510,3/14/2023,3388
22510,3/15/2023,2726
22510,3/16/2023,2374
22510,3/17/2023,2374
22510,3/18/2023,2374
22510,3/19/2023,2374
22510,3/20/2023,2374
22510,3/21/2023,2446
22510,3/22/2023,850
22511,2/23/2023,2057
22511,2/24/2023,1875
22511,2/25/2023,2633
22511,2/26/2023,1665
22511,2/27/2023,2143
22511,2/28/2023,1769
22511,3/1/2023,1687
22511,3/2/2023,1652
22511,3/3/2023,1781
22511,3/4/2023,2258
22511,3/5/2023,1928
22511,3/6/2023,1797
22511,3/7/2023,1610
22511,3/8/2023,1787
22511,3/9/2023,1828
22511,3/10/2023,1989
22511,3/11/2023,1399
22511,3/12/2023,1918
22511,3/13/2023,1633
22511,3/14/2023,1639
22511,3/15/2023,1694
22511,3/16/2023,1754
22511,3/17/2023,1831
22511,3/18/2023,1656
22512,2/23/2023,2317
22512,2/24/2023,2232
22512,2/25/2023,1873
22512,2/26/2023,1978
22512,2/27/2023,2347
22512,2/28/2023,2431
22512,3/1/2023,2338
22512,3/2/2023,2327
22512,3/3/2023,2320
22512,3/4/2023,2111
22512,3/5/2023,2005
22512,3/6/2023,2349
22512,3/7/2023,2203
22512,3/8/2023,2291
22512,3/9/2023,2348
22512,3/10/2023,2229
22512,3/11/2023,2186
22512,3/12/2023,1839
22512,3/13/2023,2050
22512,3/14/2023,1870
22512,3/15/2023,1928
22512,3/16/2023,2032
22512,3/17/2023,2154
22512,3/18/2023,1994
22512,3/19/2023,1875
22512,3/20/2023,2217
22512,3/21/2023,2297
22512,3/22/2023,485
22513,2/23/2023,2055
22513,2/24/2023,1948
22513,2/25/2023,1658
22513,2/26/2023,1604
22513,2/27/2023,1965
22513,2/28/2023,2025
22513,3/1/2023,2150
22513,3/2/2023,1968
22513,3/3/2023,1996
22513,3/4/2023,1439
22513,3/5/2023,1730
22513,3/6/2023,2292
22513,3/7/2023,2471
22513,3/8/2023,2127
22513,3/9/2023,2043
22513,3/10/2023,2215
22513,3/11/2023,1860
22513,3/12/2023,1282
22513,3/13/2023,1854
22513,3/14/2023,1602
22513,3/15/2023,1849
22513,3/16/2023,1610
22513,3/17/2023,1770
22513,3/18/2023,1852
22513,3/19/2023,1632
22513,3/20/2023,2232
22513,3/21/2023,2157
22513,3/22/2023,0
22514,2/23/2023,2395
22514,2/24/2023,3065
22514,2/25/2023,2093
22514,2/26/2023,2840
22514,2/27/2023,2988
22514,2/28/2023,2672
22514,3/1/2023,2696
22514,3/2/2023,2813
22514,3/3/2023,2204
22514,3/4/2023,2745
22514,3/5/2023,2559
22514,3/6/2023,2995
22514,3/7/2023,3349
22514,3/8/2023,2767
22514,3/9/2023,2580
22514,3/10/2023,3024
22514,3/11/2023,2196
22514,3/12/2023,2006
22514,3/13/2023,2315
22514,3/14/2023,2584
22514,3/15/2023,2545
22514,3/16/2023,3325
22514,3/17/2023,3706
22514,3/18/2023,2574
22514,3/19/2023,1665
22514,3/20/2023,0
22515,2/27/2023,1649
22515,2/28/2023,3134
22515,3/1/2023,2934
22515,3/2/2023,2682
22515,3/3/2023,3116
22515,3/4/2023,2551
22515,3/5/2023,2550
22515,3/6/2023,2122
22515,3/7/2023,3729
22515,3/8/2023,2750
22515,3/9/2023,3031
22515,3/10/2023,2984
22515,3/11/2023,2227
22515,3/12/2023,2271
22515,3/13/2023,2770
22515,3/14/2023,2660
22515,3/15/2023,2402
22515,3/16/2023,2569
22515,3/17/2023,2724
22515,3/18/2023,2224
22515,3/19/2023,2628
22515,3/20/2023,3225
22515,3/21/2023,3471
22515,3/22/2023,1456
22601,2/27/2023,1474
22601,2/28/2023,2446
22601,3/1/2023,1886
22601,3/2/2023,1768
22601,3/3/2023,1840
22601,3/4/2023,2622
22601,3/5/2023,1801
22601,3/6/2023,1812
22601,3/7/2023,2010
22601,3/8/2023,2436
22601,3/9/2023,2562
22601,3/10/2023,2857
22601,3/11/2023,2499
22601,3/12/2023,2015
22601,3/13/2023,1689
22601,3/14/2023,1689
22601,3/15/2023,1689
22601,3/16/2023,1689
22601,3/17/2023,1689
22601,3/18/2023,1689
22601,3/19/2023,1689
22601,3/20/2023,1689
22601,3/21/2023,2080
22601,3/22/2023,1286
22602,3/1/2023,2051
22602,3/2/2023,2070
22602,3/3/2023,2268
22602,3/4/2023,2282
22602,3/5/2023,1940
22602,3/6/2023,1933
22602,3/7/2023,2020
22602,3/8/2023,2054
22602,3/9/2023,2210
22602,3/10/2023,2017
22602,3/11/2023,0
22603,2/27/2023,1534
22603,2/28/2023,3089
22603,3/1/2023,2496
22603,3/2/2023,2670
22603,3/3/2023,2757
22603,3/4/2023,2702
22603,3/5/2023,2277
22603,3/6/2023,2492
22603,3/7/2023,2697
22603,3/8/2023,2593
22603,3/9/2023,2653
22603,3/10/2023,2531
22603,3/11/2023,1944
22603,3/12/2023,2268
22603,3/13/2023,2707
22603,3/14/2023,2451
22603,3/15/2023,2376
22603,3/16/2023,2341
22603,3/17/2023,2463
22603,3/18/2023,2125
22603,3/19/2023,2419
22603,3/20/2023,2934
22603,3/21/2023,2950
22603,3/22/2023,1361
22604,2/27/2023,1658
22604,2/28/2023,3156
22604,3/1/2023,3800
22604,3/2/2023,4077
22604,3/3/2023,3385
22604,3/4/2023,3523
22604,3/5/2023,3505
22604,3/6/2023,3852
22604,3/7/2023,3552
22604,3/8/2023,3189
22604,3/9/2023,4078
22604,3/10/2023,2777
22604,3/11/2023,3298
22604,3/12/2023,2925
22604,3/13/2023,3262
22604,3/14/2023,2949
22604,3/15/2023,3661
22604,3/16/2023,3185
22604,3/17/2023,3440
22604,3/18/2023,3394
22604,3/19/2023,3200
22604,3/20/2023,3308
22604,3/21/2023,3854
22604,3/22/2023,715
22605,2/27/2023,2021
22605,2/28/2023,1626
22605,3/1/2023,2013
22605,3/2/2023,1925
22605,3/3/2023,1956
22605,3/4/2023,1736
22605,3/5/2023,1797
22605,3/6/2023,2011
22605,3/7/2023,1989
22605,3/8/2023,1982
22605,3/9/2023,2126
22605,3/10/2023,2128
22605,3/11/2023,1797
22605,3/12/2023,1590
22605,3/13/2023,1714
22605,3/14/2023,1735
22605,3/15/2023,1985
22605,3/16/2023,1918
22605,3/17/2023,1736
22605,3/18/2023,1696
22605,3/19/2023,1692
22605,3/20/2023,1841
22605,3/21/2023,1798
22605,3/22/2023,1057
22610,2/27/2023,1516
22610,2/28/2023,1508
22610,3/1/2023,1504
22610,3/2/2023,2770
22610,3/3/2023,2676
22610,3/4/2023,2173
22610,3/5/2023,2434
22610,3/6/2023,2658
22610,3/7/2023,1891
22610,3/8/2023,3082
22610,3/9/2023,2517
22610,3/10/2023,2641
22610,3/11/2023,2184
22610,3/12/2023,2403
22610,3/13/2023,2316
22610,3/14/2023,2351
22610,3/15/2023,2300
22610,3/16/2023,2469
22610,3/17/2023,3007
22610,3/18/2023,2412
22610,3/19/2023,2085
22610,3/20/2023,1771
22610,3/21/2023,633
22611,2/27/2023,1509
22611,2/28/2023,2127
22611,3/1/2023,2658
22611,3/2/2023,2541
22611,3/3/2023,2354
22611,3/4/2023,2262
22611,3/5/2023,2051
22611,3/6/2023,2800
22611,3/7/2023,2357
22611,3/8/2023,2349
22611,3/9/2023,2408
22611,3/10/2023,2488
22611,3/11/2023,2365
22611,3/12/2023,2347
22611,3/13/2023,2271
22611,3/14/2023,2121
22611,3/15/2023,2495
22611,3/16/2023,1596
22611,3/17/2023,1701
22611,3/18/2023,1047
22612,2/28/2023,2078
22612,3/1/2023,2962
22612,3/2/2023,2909
22612,3/3/2023,2873
22612,3/4/2023,2799
22612,3/5/2023,2524
22612,3/6/2023,2764
22612,3/7/2023,2857
22612,3/8/2023,1878
22612,3/9/2023,2627
22612,3/10/2023,1878
22612,3/11/2023,1880
22612,3/12/2023,1878
22612,3/13/2023,1878
22612,3/14/2023,1878
22612,3/15/2023,1878
22612,3/16/2023,1878
22612,3/17/2023,1878
22612,3/18/2023,1878
22612,3/19/2023,1878
22612,3/20/2023,2304
22612,3/21/2023,2798
22612,3/22/2023,676
22613,3/1/2023,1445
22613,3/2/2023,1445
22613,3/3/2023,1445
22613,3/4/2023,1445
22613,3/5/2023,1445
22613,3/6/2023,1445
22613,3/7/2023,2422
22613,3/8/2023,2600
22613,3/9/2023,2510
22613,3/10/2023,2716
22613,3/11/2023,2212
22613,3/12/2023,2680
22613,3/13/2023,2177
22613,3/14/2023,2149
22613,3/15/2023,2098
22613,3/16/2023,1958
22613,3/17/2023,1365
22613,3/18/2023,1365
22613,3/19/2023,1815
22613,3/20/2023,2632
22613,3/21/2023,2367
22613,3/22/2023,1329
22614,3/1/2023,1474
22614,3/2/2023,1474
22614,3/3/2023,1474
22614,3/4/2023,1474
22614,3/5/2023,1474
22614,3/6/2023,1474
22614,3/7/2023,717
22616,3/1/2023,3080
22616,3/2/2023,3873
22616,3/3/2023,3994
22616,3/4/2023,2326
22616,3/5/2023,1815
22616,3/6/2023,2721
22616,3/7/2023,2515
22616,3/8/2023,2899
22616,3/9/2023,3111
22616,3/10/2023,2645
22616,3/11/2023,2821
22616,3/12/2023,2297
22616,3/13/2023,2418
22616,3/14/2023,2279
22616,3/15/2023,2795
22616,3/16/2023,2371
22616,3/17/2023,1760
22616,3/18/2023,1818
22616,3/19/2023,1670
22616,3/20/2023,2686
22616,3/21/2023,2540
22616,3/22/2023,1409
22701,3/1/2023,1698
22701,3/2/2023,1726
22701,3/3/2023,1810
22701,3/4/2023,2668
22701,3/5/2023,2150
22701,3/6/2023,3188
22701,3/7/2023,3097
22701,3/8/2023,2010
22701,3/9/2023,2641
22701,3/10/2023,2708
22701,3/11/2023,2269
22701,3/12/2023,2073
22701,3/13/2023,2342
22701,3/14/2023,2575
22701,3/15/2023,2482
22701,3/16/2023,2452
22701,3/17/2023,2314
22701,3/18/2023,2214
22701,3/19/2023,2112
22701,3/20/2023,3151
22701,3/21/2023,2794
22701,3/22/2023,1502
22710,3/7/2023,2696
22710,3/8/2023,3201
22710,3/9/2023,2833
22710,3/10/2023,2832
22710,3/11/2023,2641
22710,3/12/2023,2303
22710,3/13/2023,2194
22710,3/14/2023,2105
22710,3/15/2023,1569
22710,3/16/2023,1569
22710,3/17/2023,1569
22710,3/18/2023,1569
22710,3/19/2023,1571
22710,3/20/2023,2115
22710,3/21/2023,1569
22710,3/22/2023,1629
22711,2/25/2023,613
22712,2/25/2023,1474
22712,2/26/2023,1474
22712,2/27/2023,1474
22712,2/28/2023,1474
22712,3/1/2023,1474
22712,3/2/2023,1474
22712,3/3/2023,1984
22712,3/4/2023,2163
22712,3/5/2023,2364
22712,3/6/2023,1507
22712,3/7/2023,2658
22712,3/8/2023,3039
22712,3/9/2023,2728
22712,3/10/2023,2886
22712,3/11/2023,2167
22712,3/12/2023,2023
22712,3/13/2023,2304
22712,3/14/2023,2242
22712,3/15/2023,2367
22712,3/16/2023,2087
22712,3/17/2023,2298
22712,3/18/2023,2225
22712,3/19/2023,1944
22712,3/20/2023,2935
22712,3/21/2023,2613
22712,3/22/2023,1638
22713,3/7/2023,595
22802,3/7/2023,597
22803,3/7/2023,2937
22803,3/8/2023,2338
22803,3/9/2023,2818
22803,3/10/2023,2761
22803,3/11/2023,1735
22803,3/12/2023,2693
22803,3/13/2023,2453
22803,3/14/2023,2116
22803,3/15/2023,2205
22803,3/16/2023,1968
22803,3/17/2023,2299
22803,3/18/2023,2819
22803,3/19/2023,2367
22803,3/20/2023,2650
22803,3/21/2023,2782
22803,3/22/2023,1211
22810,3/7/2023,2613
22810,3/8/2023,2870
22810,3/9/2023,2811
22810,3/10/2023,3463
22810,3/11/2023,2465
22810,3/12/2023,2601
22810,3/13/2023,2839
22810,3/14/2023,2427
22810,3/15/2023,2460
22810,3/16/2023,2269
22810,3/17/2023,2646
22810,3/18/2023,2664
22810,3/19/2023,2819
22810,3/20/2023,3174
22810,3/21/2023,2755
22810,3/22/2023,1780
22811,3/7/2023,2919
22811,3/8/2023,3234
22811,3/9/2023,3141
22811,3/10/2023,2587
22811,3/11/2023,2649
22811,3/12/2023,2835
22811,3/13/2023,2392
22811,3/14/2023,2476
22811,3/15/2023,2846
22811,3/16/2023,2230
22811,3/17/2023,2904
22811,3/18/2023,2060
22811,3/19/2023,2234
22811,3/20/2023,1923
22811,3/21/2023,3197
22811,3/22/2023,1672
22812,3/7/2023,3871
22812,3/8/2023,3205
22812,3/9/2023,3391
22812,3/10/2023,3797
22812,3/11/2023,3335
22812,3/12/2023,2935
22812,3/13/2023,3129
22812,3/14/2023,3242
22812,3/15/2023,3470
22812,3/16/2023,3091
22812,3/17/2023,3010
22812,3/18/2023,3175
22812,3/19/2023,2886
22812,3/20/2023,3816
22812,3/21/2023,3898
22812,3/22/2023,2014
22813,3/7/2023,3100
22813,3/8/2023,3467
22813,3/9/2023,3316
22813,3/10/2023,3712
22813,3/11/2023,3090
22813,3/12/2023,3406
22813,3/13/2023,4078
22813,3/14/2023,2883
22813,3/15/2023,3544
22813,3/16/2023,2976
22813,3/17/2023,3592
22813,3/18/2023,2691
22813,3/19/2023,2371
22813,3/20/2023,4019
22813,3/21/2023,3318
22813,3/22/2023,1843
