Id,SleepDay,TotalSleepRecords,TotalMinutesAsleep,TotalTimeInBed
10101,10/6/22,2,487,796
10101,10/13/22,1,424,625
10101,10/20/22,1,27,124
10102,10/5/22,2,492,545
10102,10/6/22,1,283,318
10102,10/7/22,1,449,486
10102,10/10/22,1,395,427
10102,10/11/22,1,366,410
10102,10/12/22,1,461,490
10102,10/18/22,1,220,234
10102,11/2/22,1,0,10
10102,11/3/22,1,197,206
10102,11/11/22,1,119,119
10102,11/26/22,1,247,247
10103,10/5/22,1,439,449
10103,10/6/22,1,476,489
10103,10/7/22,1,488,508
10103,10/8/22,1,465,489
10103,10/9/22,1,521,545
10103,10/10/22,1,467,480
10103,10/11/22,1,510,527
10103,10/12/22,1,467,487
10103,10/13/22,1,518,542
10103,10/14/22,1,520,534
10103,10/15/22,1,591,622
10103,10/16/22,1,601,623
10103,10/17/22,1,485,498
10103,10/18/22,1,498,513
10103,10/19/22,1,509,527
10103,10/20/22,1,475,499
10103,10/21/22,1,456,467
10103,10/22/22,1,494,532
10103,10/23/22,1,476,489
10103,10/24/22,1,478,500
10103,10/25/22,1,467,494
10103,10/26/22,1,453,471
10103,10/27/22,1,500,521
10103,10/28/22,1,513,536
10103,10/29/22,1,419,430
10103,10/30/22,1,484,504
10103,10/31/22,1,486,516
10103,11/1/22,1,396,412
10103,11/2/22,1,433,450
10103,11/3/22,1,477,497
10103,11/4/22,1,454,467
10103,11/5/22,1,552,577
10103,11/6/22,2,369,420
10103,11/7/22,1,80,84
10103,11/8/22,1,316,320
10103,11/9/22,1,438,456
10103,11/10/22,1,484,500
10103,11/11/22,1,453,476
10103,11/12/22,1,528,544
10103,11/13/22,1,518,532
10103,11/14/22,1,434,457
10103,11/15/22,1,431,457
10103,11/16/22,1,422,441
10103,11/17/22,1,481,515
10103,11/18/22,1,525,559
10103,11/19/22,1,508,523
10103,11/20/22,1,455,477
10103,11/21/22,1,554,556
10103,11/22/22,1,434,454
10103,11/23/22,1,523,545
10103,11/24/22,1,525,556
10103,11/25/22,1,556,601
10103,11/26/22,1,519,551
10103,11/27/22,1,482,496
10103,11/28/22,1,442,459
10103,11/29/22,1,478,501
10103,11/30/22,1,407,418
10103,12/1/22,1,508,517
10103,12/2/22,1,414,423
10103,12/3/22,1,484,500
10103,12/4/22,1,504,521
10103,12/5/22,2,500,505
10103,12/6/22,1,460,477
10103,12/7/22,1,436,452
10103,12/8/22,1,498,521
10103,12/9/22,1,507,518
10103,12/10/22,1,531,548
10103,12/11/22,1,558,583
10103,12/12/22,2,282,307
10103,12/13/22,1,462,484
10103,12/14/22,1,457,472
10103,12/15/22,1,463,481
10103,12/16/22,1,413,425
10103,12/17/22,1,509,526
10103,12/18/22,1,451,467
10103,12/19/22,1,505,527
10103,12/20/22,1,453,483
10103,12/21/22,1,499,519
10104,10/5/22,1,344,366
10104,10/6/22,1,321,366
10104,10/7/22,1,322,344
10104,10/9/22,1,508,573
10106,10/5/22,1,407,415
10106,10/6/22,1,590,604
10106,10/12/22,1,382,391
10106,10/13/22,1,452,520
10106,10/14/22,2,408,425
10106,10/15/22,1,487,491
10106,10/16/22,1,347,357
10106,10/17/22,1,443,465
10107,10/7/22,1,69,74
10107,10/8/22,1,528,537
10107,10/10/22,1,156,162
10107,10/11/22,1,364,372
10107,10/12/22,1,452,469
10107,10/14/22,1,337,361
10107,10/26/22,1,407,440
10107,10/27/22,1,420,474
10107,10/28/22,1,328,343
10107,11/1/22,2,681,705
10107,11/9/22,1,81,82
10107,11/11/22,1,597,639
10107,11/14/22,2,480,496
10107,11/23/22,1,126,132
10107,12/2/22,1,148,148
10108,10/5/22,1,403,445
10108,10/6/22,1,264,287
10108,10/7/22,3,655,712
10108,10/8/22,1,101,101
10108,10/14/22,2,481,517
10108,10/15/22,1,529,575
10108,10/30/22,1,502,546
10108,11/21/22,1,117,122
10108,11/22/22,1,382,407
10109,10/5/22,1,435,475
10109,10/6/22,1,391,417
10109,10/7/22,1,98,113
10109,10/8/22,1,615,626
10109,10/9/22,1,556,575
10109,10/10/22,1,328,360
10109,10/11/22,1,437,471
10109,10/12/22,1,338,353
10109,10/13/22,1,345,381
10109,10/17/22,1,390,390
10109,10/18/22,1,435,490
10109,10/19/22,1,404,425
10109,10/22/22,1,640,640
10109,10/23/22,1,494,494
10109,10/24/22,1,355,355
10109,10/25/22,1,428,428
10109,10/26/22,1,356,372
10109,10/28/22,1,507,507
10109,10/29/22,1,600,600
10109,10/30/22,1,380,380
10109,11/1/22,2,619,619
10109,11/2/22,1,298,303
10109,11/3/22,2,581,600
10109,11/4/22,1,401,419
10204,10/5/22,1,462,476
10204,10/6/22,1,338,360
10204,10/7/22,1,355,370
10204,10/8/22,1,473,495
10204,10/9/22,1,581,612
10204,10/10/22,2,431,473
10204,10/11/22,1,320,364
10204,10/12/22,1,370,422
10204,10/13/22,1,497,511
10204,10/14/22,2,573,609
10204,10/15/22,1,430,446
10204,10/16/22,1,449,477
10204,10/17/22,1,340,358
10204,10/18/22,1,302,319
10204,10/19/22,1,324,342
10204,10/20/22,1,341,372
10204,10/21/22,2,450,461
10204,10/22/22,1,463,472
10204,10/23/22,1,118,129
10204,10/24/22,2,508,532
10204,10/25/22,1,236,247
10204,10/26/22,1,289,294
10204,10/27/22,1,278,293
10204,10/28/22,1,273,297
10204,10/29/22,1,371,388
10204,10/30/22,2,581,633
10204,10/31/22,2,557,595
10204,11/1/22,2,461,475
10204,11/2/22,1,554,590
10204,11/3/22,1,232,245
10204,11/4/22,1,325,332
10204,11/5/22,1,207,214
10204,11/6/22,2,561,602
10204,11/7/22,1,380,389
10204,11/8/22,1,646,749
10204,11/9/22,1,248,270
10204,11/10/22,1,331,344
10204,11/11/22,2,413,433
10204,11/12/22,2,425,443
10204,11/13/22,1,613,630
10204,11/14/22,1,558,563
10204,11/15/22,1,250,253
10204,11/16/22,2,409,441
10204,11/17/22,1,302,316
10204,11/19/22,1,390,403
10204,11/20/22,1,601,664
10204,11/21/22,1,368,392
10204,11/22/22,1,444,462
10204,11/23/22,1,369,386
10204,11/27/22,1,374,379
10204,11/28/22,1,528,550
10204,11/29/22,1,364,376
10204,11/30/22,1,190,207
10204,12/1/22,1,397,408
10204,12/2/22,1,465,480
10204,12/3/22,1,335,340
10204,12/4/22,1,564,619
10204,12/5/22,1,424,434
10204,12/6/22,1,423,469
10204,12/7/22,1,420,430
10204,12/8/22,2,601,636
10204,12/12/22,2,454,480
10204,12/13/22,1,379,401
10205,10/6/22,1,459,469
10205,10/11/22,1,480,487
10205,10/12/22,1,482,517
10205,10/13/22,1,512,555
10205,10/15/22,1,664,701
10205,10/16/22,1,569,644
10205,10/18/22,1,389,423
10205,10/19/22,1,539,614
10205,10/20/22,1,426,446
10205,10/21/22,1,380,412
10205,10/22/22,1,479,495
10205,10/23/22,1,478,526
10205,10/25/22,1,414,454
10205,10/26/22,1,371,404
10205,10/27/22,1,386,411
10205,10/28/22,1,388,433
10205,10/29/22,1,601,643
10205,10/30/22,1,433,474
10205,10/31/22,1,376,382
10205,11/3/22,1,447,457
10205,11/5/22,1,569,593
10205,11/7/22,1,387,399
10205,11/8/22,1,472,492
10205,11/9/22,1,452,469
10205,11/10/22,1,524,548
10205,11/13/22,1,481,515
10205,11/14/22,1,462,486
10205,11/16/22,1,482,506
10205,11/18/22,1,381,399
10205,11/19/22,1,584,613
10205,11/20/22,1,562,587
10205,11/21/22,1,498,522
10205,11/22/22,1,485,509
10205,11/24/22,1,423,446
10205,11/25/22,1,427,463
10205,11/26/22,1,364,380
10205,12/1/22,1,439,466
10205,12/3/22,1,483,534
10301,10/29/22,1,518,565
10301,10/30/22,1,204,212
10301,10/31/22,1,97,101
10301,11/1/22,1,270,283
10301,11/2/22,1,97,101
10301,11/12/22,1,518,549
10301,11/13/22,1,530,553
10301,11/16/22,1,358,390
10301,11/17/22,1,435,446
10301,11/19/22,1,440,460
10301,11/21/22,1,286,297
10301,11/23/22,1,181,190
10301,11/24/22,1,423,447
10301,11/27/22,1,544,569
10301,11/29/22,1,248,275
10301,11/30/22,1,291,312
10301,12/7/22,1,193,210
10301,12/8/22,1,285,317
10301,12/9/22,1,249,270
10301,12/10/22,1,606,616
10301,12/12/22,1,220,237
10301,12/13/22,1,254,328
10301,12/15/22,1,303,319
10301,12/20/22,1,375,412
10301,12/21/22,1,546,606
10302,10/6/22,1,203,512
10302,10/7/22,1,285,507
10302,10/8/22,1,347,575
10302,10/9/22,1,327,527
10302,10/10/22,1,260,537
10302,10/11/22,1,250,424
10302,10/12/22,1,244,475
10302,10/14/22,1,276,567
10302,10/15/22,1,295,624
10302,10/16/22,2,434,714
10302,10/18/22,1,227,527
10302,10/22/22,2,355,544
10302,11/8/22,1,227,530
10302,11/9/22,2,328,644
10302,11/10/22,1,204,414
10302,11/11/22,1,204,467
10302,11/12/22,1,330,615
10303,10/6/22,1,429,455
10303,10/7/22,1,456,479
10303,10/8/22,1,483,497
10303,10/9/22,1,479,516
10303,10/11/22,1,493,514
10303,10/13/22,1,512,535
10303,10/14/22,1,447,463
10303,10/15/22,1,435,478
10303,10/16/22,1,442,491
10303,10/17/22,1,414,462
10303,10/18/22,1,424,445
10303,10/19/22,1,418,452
10303,10/21/22,1,514,529
10303,10/22/22,1,518,556
10303,10/23/22,1,342,362
10303,11/4/22,1,294,341
10303,11/7/22,1,404,410
10303,11/8/22,2,549,568
10303,11/9/22,1,443,463
10303,11/10/22,1,389,415
10303,11/11/22,1,505,532
10303,11/17/22,1,186,199
10304,10/5/22,1,171,178
10304,10/6/22,1,55,61
10304,10/7/22,1,58,62
10304,10/26/22,1,58,64
10304,10/28/22,1,479,504
10304,10/29/22,1,602,638
10304,10/30/22,1,573,607
10304,10/31/22,1,461,488
10304,11/1/22,1,480,501
10304,11/2/22,1,495,516
10304,11/3/22,1,490,515
10304,11/4/22,1,471,493
10304,11/5/22,1,578,606
10304,11/6/22,1,498,522
10304,11/7/22,1,471,503
10304,11/8/22,1,470,486
10304,11/9/22,2,418,439
10304,11/10/22,2,573,618
10304,11/11/22,1,506,549
10304,11/12/22,1,475,497
10304,11/13/22,1,637,665
10304,11/14/22,1,462,489
10304,11/15/22,1,527,550
10304,11/16/22,1,489,511
10304,11/17/22,1,478,518
10304,11/19/22,1,569,617
10304,11/20/22,1,424,446
10304,11/21/22,1,467,484
10304,11/23/22,1,491,523
10304,11/24/22,1,511,537
10304,11/25/22,1,631,671
10304,11/26/22,2,499,526
10304,11/28/22,1,459,477
10304,11/29/22,1,520,541
10304,11/30/22,1,471,502
10304,12/2/22,1,471,494
10304,12/3/22,2,467,495
10304,12/4/22,1,610,658
10304,12/7/22,1,497,541
10304,12/8/22,1,624,676
10304,12/10/22,1,573,607
10304,12/11/22,1,435,475
10304,12/12/22,1,432,462
10304,12/13/22,1,475,510
10304,12/15/22,1,366,396
10304,12/16/22,1,455,479
10304,12/17/22,1,546,578
10304,12/19/22,1,607,635
10304,12/20/22,1,518,556
10304,12/21/22,1,451,468
10304,12/22/22,1,484,507
10304,12/23/22,1,566,634
10304,12/24/22,1,512,556
10304,12/25/22,1,482,528
10304,12/26/22,1,523,552
10304,12/27/22,1,598,624
10304,12/28/22,1,528,569
10304,12/29/22,1,419,461
10304,12/30/22,1,486,506
10304,12/31/22,1,596,655
10305,10/19/22,1,364,377
10305,10/21/22,1,454,517
10305,10/22/22,1,183,202
10305,11/3/22,1,483,536
10305,11/4/22,1,389,429
10305,11/5/22,1,367,423
10305,11/6/22,1,612,672
10305,11/7/22,1,452,494
10305,11/8/22,1,469,506
10305,11/11/22,1,448,462
10305,11/12/22,1,389,404
10305,11/13/22,1,482,492
10305,11/14/22,2,354,385
10305,11/15/22,1,480,508
10305,11/16/22,1,449,481
10305,11/17/22,1,442,480
10305,11/18/22,2,510,540
10305,11/19/22,1,586,627
10305,11/20/22,1,359,402
10305,11/21/22,1,581,628
10305,11/22/22,1,460,489
10305,11/23/22,1,561,623
10305,11/24/22,1,528,566
10305,11/25/22,1,573,613
10305,11/26/22,1,584,652
10305,11/27/22,1,557,596
10305,11/28/22,1,429,457
10305,11/29/22,1,474,523
10305,11/30/22,1,442,483
10305,12/1/22,1,463,491
10305,12/2/22,1,453,484
10305,12/3/22,1,556,618
10305,12/4/22,1,570,623
10305,12/5/22,1,475,520
10305,12/6/22,1,477,511
10305,12/7/22,1,397,449
10305,12/8/22,1,185,191
10305,12/9/22,2,777,885
10305,12/15/22,1,311,313
10305,12/16/22,1,91,91
10305,12/17/22,1,295,318
10306,10/6/22,1,480,537
10306,10/7/22,1,347,363
10306,10/8/22,1,512,531
10306,10/9/22,1,575,607
10306,10/10/22,1,588,627
10306,10/17/22,1,472,472
10306,10/20/22,1,475,529
10306,10/24/22,1,435,479
10306,10/25/22,1,545,567
10306,12/2/22,1,511,536
10306,12/3/22,1,564,595
10307,10/6/22,1,161,170
10307,10/7/22,1,436,474
10307,10/8/22,3,554,590
10307,10/9/22,1,303,331
10307,10/10/22,1,409,462
10307,10/11/22,1,383,403
10307,10/12/22,1,364,389
10307,10/13/22,1,451,486
10307,10/14/22,1,352,387
10307,10/15/22,2,466,537
10307,10/16/22,2,570,590
10307,10/17/22,2,263,295
10307,10/18/22,1,269,297
10307,10/19/22,1,319,342
10307,10/20/22,1,298,321
10307,10/21/22,1,254,275
10307,10/22/22,1,310,342
10307,10/23/22,3,523,559
10307,10/24/22,1,306,331
10307,10/25/22,1,185,202
10307,10/26/22,2,398,429
10307,10/27/22,1,306,319
10307,10/28/22,2,259,293
10307,10/29/22,1,491,529
10307,10/30/22,1,286,318
10307,10/31/22,2,1123,1268
10307,11/1/22,1,206,229
10307,11/2/22,1,139,144
10307,11/3/22,2,169,177
10307,11/4/22,1,175,181
10307,11/5/22,1,519,536
10307,11/6/22,1,398,413
10307,11/7/22,1,188,198
10307,11/8/22,1,345,375
10307,11/9/22,1,115,123
10307,11/10/22,1,218,228
10307,11/11/22,1,547,561
10307,11/12/22,1,440,446
10307,11/13/22,1,383,394
10307,11/14/22,1,197,221
10307,11/15/22,1,290,327
10307,11/16/22,1,157,165
10307,11/17/22,1,148,166
10307,11/18/22,1,320,327
10307,11/19/22,1,441,463
10307,11/20/22,1,355,386
10307,11/22/22,1,304,321
10307,11/24/22,1,376,396
10307,11/25/22,1,635,680
10307,11/26/22,1,388,408
10307,11/27/22,2,475,499
10307,12/1/22,1,297,308
10307,12/2/22,2,291,310
10307,12/3/22,1,184,201
10307,12/4/22,1,396,413
10307,12/5/22,1,237,265
10307,12/6/22,1,319,334
10307,12/7/22,2,410,431
10307,12/8/22,1,418,448
10307,12/9/22,1,352,364
10307,12/10/22,2,556,644
10307,12/11/22,1,388,419
10307,12/12/22,1,291,330
10307,12/13/22,1,287,306
10307,12/14/22,1,311,317
10307,12/15/22,1,237,261
10307,12/16/22,2,329,354
10307,12/17/22,1,558,603
10307,12/18/22,1,543,585
10307,12/19/22,1,344,401
10307,12/20/22,1,175,183
10307,12/21/22,1,141,164
10307,12/29/22,1,74,74
10307,12/30/22,1,516,535
10307,12/31/22,1,358,368
10401,10/22/22,1,768,819
10401,10/23/22,1,253,274
10401,10/24/22,1,517,556
10401,10/28/22,1,182,198
10401,10/29/22,2,620,655
10401,10/30/22,1,519,540
10401,11/1/22,1,536,558
10401,11/2/22,1,395,423
10401,11/3/22,1,93,94
10401,11/4/22,1,270,275
10401,11/5/22,4,730,748
10401,11/9/22,1,435,464
10401,11/10/22,1,369,382
10401,11/11/22,1,581,600
10401,11/12/22,1,477,519
10401,11/13/22,2,684,703
10401,11/23/22,1,87,95
10401,12/1/22,1,573,612
10402,10/18/22,1,520,547
10402,11/2/22,1,406,417
10402,11/3/22,1,414,419
10402,11/8/22,1,342,362
10402,11/11/22,1,154,168
10402,11/12/22,1,313,319
10402,12/1/22,1,205,209
10402,12/6/22,1,346,350
10403,10/12/22,1,287,314
10403,10/13/22,1,374,426
10403,10/14/22,1,444,476
10403,10/16/22,1,577,614
10403,10/17/22,1,343,365
10403,10/19/22,1,426,473
10403,10/21/22,1,342,372
10403,10/22/22,3,465,511
10403,10/24/22,1,419,445
10403,10/25/22,1,273,284
10403,10/26/22,1,354,367
10403,10/28/22,1,346,358
10403,11/1/22,2,491,515
10403,11/2/22,1,297,323
10403,11/3/22,1,234,256
10403,11/4/22,1,399,406
10403,11/5/22,2,486,500
10403,11/6/22,1,327,370
10403,11/7/22,1,404,439
10403,11/8/22,1,400,455
10403,11/9/22,1,377,385
10403,11/10/22,1,424,456
10403,11/11/22,1,323,337
10403,11/12/22,1,581,642
10403,11/15/22,1,399,420
10403,11/16/22,1,360,384
10403,11/18/22,2,497,517
10403,11/19/22,1,334,361
10403,11/22/22,1,284,294
10403,11/23/22,1,560,655
10403,11/27/22,1,518,547
10403,11/28/22,1,328,371
10403,11/29/22,1,405,427
10403,11/30/22,1,400,411
10403,12/2/22,1,432,460
10404,10/12/22,1,360,428
10404,10/13/22,1,412,442
10404,10/14/22,1,456,494
10404,10/15/22,1,493,568
10404,10/16/22,1,538,577
10404,10/17/22,1,500,578
10404,10/18/22,1,467,490
10404,10/19/22,1,349,352
10404,10/20/22,1,405,423
10404,10/21/22,1,489,527
10404,10/22/22,1,554,647
10404,10/23/22,1,509,581
10404,10/24/22,1,422,452
10404,10/25/22,1,415,466
10404,10/26/22,1,395,448
10404,10/27/22,1,374,403
10404,10/28/22,1,398,451
10404,10/29/22,1,521,598
10404,10/30/22,1,532,641
10404,10/31/22,1,424,463
10404,11/1/22,1,472,502
10404,11/2/22,1,451,464
10404,11/3/22,1,362,400
10404,11/4/22,1,378,438
10404,11/5/22,1,490,558
10404,11/6/22,1,485,530
10404,11/7/22,1,405,452
10404,11/8/22,1,392,450
10404,11/9/22,1,478,497
10404,11/10/22,1,428,447
10404,11/11/22,1,436,458
10404,11/12/22,1,466,537
10404,11/13/22,1,563,630
10404,11/14/22,1,443,512
10404,11/15/22,1,397,450
10404,11/16/22,2,751,820
10404,11/17/22,1,698,751
10404,11/18/22,1,469,500
10404,11/19/22,1,593,651
10404,11/20/22,1,517,599
10404,11/21/22,1,509,581
10404,11/22/22,1,576,616
10404,11/23/22,1,569,616
10404,11/24/22,1,536,573
10404,11/25/22,1,579,618
10404,11/26/22,1,587,633
10404,11/27/22,1,527,620
10404,11/28/22,1,450,481
10404,11/29/22,1,429,458
10404,11/30/22,1,484,517
10404,12/1/22,1,504,527
10404,12/2/22,1,440,470
10404,12/3/22,1,495,529
10404,12/4/22,1,534,577
10404,12/5/22,1,446,481
10404,12/6/22,1,371,400
10404,12/7/22,1,446,479
10404,12/8/22,1,432,462
10404,12/9/22,1,431,455
10404,12/10/22,1,424,469
10405,10/14/22,2,619,636
10405,10/15/22,1,318,326
10405,10/17/22,1,480,480
10405,10/18/22,1,450,450
10405,10/27/22,1,504,525
10405,11/12/22,1,118,126
10405,11/13/22,1,112,113
10405,11/16/22,1,337,354
10405,12/4/22,1,540,540
10405,12/6/22,1,593,620
10406,10/13/22,1,385,422
10406,10/14/22,1,182,205
10406,10/15/22,1,531,557
10406,10/16/22,1,245,271
10406,10/17/22,1,318,339
10406,10/18/22,1,469,508
10406,10/19/22,1,504,556
10406,10/20/22,1,403,447
10406,10/21/22,2,504,540
10406,10/22/22,1,462,473
10406,10/23/22,1,431,467
10406,10/24/22,1,451,491
10406,10/25/22,1,330,362
10406,10/26/22,1,466,496
10406,10/27/22,1,473,504
10406,10/28/22,1,407,444
10406,10/29/22,1,443,486
10406,10/30/22,1,480,498
10406,10/31/22,1,418,473
10406,11/1/22,1,515,545
10406,11/2/22,1,411,457
10406,11/3/22,1,295,329
10406,11/4/22,1,508,549
10406,11/5/22,1,333,384
10406,11/6/22,1,392,444
10406,11/7/22,1,433,482
10406,11/8/22,2,141,146
10406,11/9/22,1,108,124
10406,11/10/22,2,502,541
10406,11/11/22,1,417,484
10406,11/12/22,1,414,463
10406,11/13/22,2,393,439
10406,11/14/22,1,386,422
10406,11/15/22,1,484,520
10406,11/16/22,1,471,517
10406,11/17/22,1,375,410
10406,11/18/22,1,392,437
10406,11/19/22,1,398,418
10406,11/20/22,2,309,336
10406,11/21/22,1,486,550
10406,11/22/22,1,519,550
10406,11/23/22,1,462,500
10406,11/24/22,2,234,240
10406,11/25/22,2,324,351
10406,11/26/22,1,466,495
10406,11/27/22,1,309,323
10406,11/28/22,2,348,384
10406,11/29/22,2,589,667
10406,11/30/22,1,246,261
10406,12/1/22,1,403,446
10406,12/2/22,1,471,498
10406,12/3/22,2,297,337
10406,12/4/22,1,487,547
10406,12/5/22,1,495,563
10406,12/6/22,1,435,499
10406,12/7/22,1,421,455
10406,12/8/22,1,454,523
10406,12/9/22,2,359,378
10406,12/10/22,2,373,416
10406,12/11/22,2,313,352
10406,12/12/22,2,342,366
10406,12/13/22,1,471,511
10406,12/14/22,1,383,419
10406,12/15/22,1,456,487
10406,12/16/22,1,296,325
10406,12/17/22,2,348,380
10406,12/18/22,1,435,506
10406,12/19/22,1,549,622
10406,12/20/22,1,375,415
10406,12/21/22,1,278,306
10406,12/22/22,1,544,613
10406,12/23/22,1,417,485
10406,12/24/22,1,546,636
10406,12/25/22,2,434,462
10406,12/26/22,1,549,621
10406,12/27/22,1,450,486
10406,12/28/22,1,323,365
10406,12/29/22,1,187,201
10406,12/30/22,1,538,590
10406,12/31/22,2,519,558
10407,10/12/22,1,535,550
10407,10/13/22,1,575,609
10407,10/14/22,2,857,972
10407,10/15/22,1,525,543
10407,10/16/22,1,437,487
10407,10/17/22,1,522,534
10407,10/18/22,1,508,524
10407,10/19/22,1,527,566
10407,10/20/22,1,533,553
10407,10/21/22,1,564,577
10407,10/22/22,1,577,619
10407,10/23/22,1,617,622
10407,10/24/22,1,507,522
10407,10/25/22,1,546,567
10407,10/26/22,1,455,467
10407,10/27/22,1,525,561
10407,10/28/22,1,520,560
10407,10/29/22,2,730,761
10407,10/30/22,2,768,824
10407,10/31/22,1,533,549
10407,11/1/22,1,513,548
10407,11/2/22,1,511,542
10407,11/3/22,1,493,519
10407,11/4/22,1,513,530
10407,11/5/22,1,706,731
10407,11/6/22,1,688,727
10407,11/7/22,1,533,561
10407,11/8/22,1,606,639
10407,11/9/22,1,509,527
10407,11/10/22,1,549,582
10407,11/11/22,1,455,473
10407,11/12/22,1,527,563
10407,11/13/22,1,731,769
10407,11/14/22,1,469,485
10407,11/15/22,1,468,482
10407,11/16/22,1,517,565
10407,11/17/22,1,593,637
10407,11/18/22,1,495,510
10407,11/19/22,1,543,588
10407,11/20/22,1,612,645
10407,11/21/22,1,522,546
10407,11/22/22,1,485,527
10407,11/23/22,2,682,742
10407,11/24/22,1,464,495
10407,11/25/22,1,548,579
10407,11/26/22,3,624,678
10407,11/27/22,1,570,597
10407,11/28/22,1,510,518
10407,11/29/22,1,446,488
10407,11/30/22,1,550,614
10407,12/1/22,1,448,474
10407,12/2/22,1,585,625
10407,12/3/22,1,622,652
10407,12/4/22,1,580,632
10407,12/5/22,1,539,617
10407,12/6/22,1,537,560
10407,12/7/22,1,493,523
10407,12/8/22,1,530,583
10407,12/9/22,1,488,535
10407,12/10/22,1,530,578
10407,12/11/22,1,558,581
10407,12/12/22,1,567,595
10407,12/13/22,1,463,501
10407,12/14/22,1,435,492
10407,12/15/22,1,477,517
10407,12/16/22,2,636,753
10407,12/17/22,1,463,553
10407,12/19/22,1,654,691
10407,12/20/22,1,460,487
10407,12/21/22,2,751,818
10407,12/22/22,2,174,191
10407,12/24/22,2,717,759
10407,12/26/22,1,760,798
10407,12/27/22,1,632,681
10407,12/28/22,1,553,576
10407,12/29/22,1,493,501
10407,12/30/22,1,590,617
10407,12/31/22,1,546,558
10408,10/12/22,1,364,379
10408,10/13/22,1,405,450
10408,10/14/22,1,363,415
10408,10/15/22,1,589,629
10408,10/16/22,1,518,518
10408,10/18/22,1,513,565
10408,10/19/22,1,266,285
10408,10/20/22,1,428,465
10408,10/21/22,2,342,371
10408,10/22/22,1,387,389
10408,10/23/22,1,210,625
10408,10/25/22,2,140,244
10408,10/26/22,2,263,398
10408,10/29/22,1,291,586
10408,10/31/22,1,164,398
10408,11/1/22,1,215,402
10408,11/2/22,1,128,222
10408,11/3/22,1,345,440
10408,11/4/22,2,223,442
10408,11/5/22,2,344,360
10408,11/11/22,1,257,511
10408,11/13/22,1,39,129
10408,11/16/22,1,249,433
10408,11/17/22,1,386,599
10408,11/18/22,1,27,89
10408,11/20/22,1,103,172
10408,11/22/22,1,53,83
10408,11/27/22,1,41,94
10408,11/29/22,1,83,103
10408,11/30/22,1,74,89
10408,12/2/22,1,311,416
10408,12/12/22,1,161,218
10409,10/12/22,1,342,391
10409,10/19/22,1,363,396
10409,10/20/22,1,470,567
10409,10/21/22,1,311,348
10409,10/22/22,1,494,560
10409,10/24/22,1,353,394
10409,10/25/22,1,429,484
10409,10/26/22,1,389,428
10409,10/27/22,1,370,396
10409,10/28/22,1,366,410
10409,10/29/22,1,624,731
10409,10/30/22,2,436,510
10409,11/1/22,1,409,453
10409,11/2/22,1,397,441
10409,11/3/22,1,404,431
10409,11/4/22,2,483,516
10409,11/5/22,1,442,492
10409,11/7/22,1,359,391
10409,11/8/22,1,513,583
10409,11/9/22,1,379,401
10409,11/10/22,1,389,453
10409,11/11/22,1,408,466
10409,11/14/22,1,365,415
10409,11/15/22,1,435,498
10409,11/16/22,1,398,457
10409,11/17/22,1,379,405
10409,11/18/22,1,435,471
10409,11/19/22,1,466,505
10409,11/21/22,1,410,453
10409,11/30/22,1,325,349
10409,12/1/22,1,575,638
10409,12/2/22,1,482,524
10409,12/3/22,1,399,447
10409,12/4/22,1,463,506
10409,12/5/22,1,511,581
10409,12/8/22,1,292,323
10409,12/9/22,1,469,524
10409,12/11/22,2,559,596
10409,12/12/22,1,480,559
10409,12/13/22,1,402,458
10410,10/13/22,1,459,508
10410,10/14/22,1,244,289
10410,10/15/22,1,453,508
10410,10/16/22,2,642,700
10410,10/17/22,1,407,428
10410,10/18/22,1,417,442
10410,10/19/22,1,457,511
10410,10/20/22,1,520,591
10410,10/21/22,1,428,458
10410,10/22/22,1,565,612
10410,10/23/22,1,377,398
10410,10/24/22,1,426,471
10410,10/25/22,2,376,445
10410,10/26/22,1,446,491
10410,10/27/22,2,512,548
10410,10/28/22,1,420,454
10410,10/29/22,1,539,577
10410,10/31/22,1,399,473
10410,11/1/22,1,565,635
10410,11/2/22,1,433,455
10410,11/3/22,1,457,482
10410,11/4/22,1,414,428
10410,11/5/22,1,730,752
10410,11/6/22,1,603,648
10410,11/7/22,1,345,365
10410,11/8/22,1,472,525
10410,11/9/22,1,439,505
10410,11/10/22,1,340,378
10410,11/11/22,1,433,476
10410,11/12/22,1,392,436
10410,11/13/22,2,590,665
10410,11/14/22,1,405,438
10410,11/15/22,1,458,511
10410,11/16/22,1,277,337
10410,11/17/22,3,352,398
10410,11/18/22,1,399,429
10410,11/19/22,1,552,605
10410,11/20/22,1,481,522
10410,11/21/22,1,378,422
10410,11/22/22,1,295,310
10410,11/23/22,1,338,379
10410,11/24/22,1,603,695
10410,11/25/22,1,673,732
10410,11/26/22,1,412,471
10410,11/27/22,1,412,468
10410,11/28/22,1,412,465
10410,11/29/22,1,356,407
10410,12/1/22,1,697,744
10410,12/8/22,1,517,564
10410,12/9/22,1,329,367
10410,12/17/22,2,483,522
10410,12/18/22,1,731,788
10410,12/19/22,1,417,479
10410,12/20/22,1,442,489
10410,12/24/22,1,408,430
10410,12/25/22,1,624,655
10410,12/27/22,1,437,472
10410,12/28/22,1,654,681
10410,12/30/22,1,445,495
10410,12/31/22,2,623,701
10412,10/27/22,1,432,453
10412,10/28/22,1,414,453
10412,10/30/22,1,192,192
10412,11/4/22,1,714,724
10412,11/5/22,1,110,110
10413,10/21/22,1,101,110
10413,10/31/22,1,177,183
10413,11/26/22,1,62,63
10413,11/27/22,1,96,96
10413,12/1/22,1,95,101
10413,12/3/22,1,206,210
10413,12/4/22,1,156,158
10415,10/28/22,1,373,406
10415,11/10/22,1,437,507
10415,11/13/22,2,607,659
10415,11/15/22,1,446,471
10415,11/18/22,1,331,375
10415,11/19/22,1,547,568
10415,11/21/22,1,482,516
10415,11/22/22,1,520,549
10415,11/27/22,2,416,444
10415,11/28/22,1,419,445
10415,12/1/22,1,335,382
10415,12/3/22,1,639,735
10415,12/5/22,1,372,426
10415,12/6/22,1,262,262
10415,12/8/22,1,315,365
10415,12/14/22,1,376,422
10415,12/17/22,2,445,502
10415,12/18/22,1,486,533
10415,12/19/22,1,184,197
10501,10/14/22,1,428,445
10501,10/15/22,1,480,526
10501,10/16/22,1,390,437
10501,10/17/22,1,338,346
10501,10/18/22,1,372,392
10501,10/19/22,1,462,489
10501,10/20/22,1,451,478
10501,10/21/22,1,418,453
10501,10/22/22,1,365,413
10501,10/23/22,1,491,563
10501,10/24/22,1,415,440
10501,10/25/22,1,350,384
10501,10/26/22,1,388,418
10501,10/27/22,1,449,481
10501,10/28/22,2,587,662
10501,10/29/22,1,450,505
10501,10/31/22,1,349,381
10501,11/1/22,1,414,477
10501,11/2/22,1,452,506
10501,11/3/22,1,389,422
10501,11/4/22,1,404,443
10501,11/5/22,1,550,615
10501,11/6/22,1,220,239
10501,11/7/22,1,497,533
10501,11/8/22,1,430,459
10501,11/9/22,1,345,386
10501,11/10/22,3,547,598
10501,11/11/22,1,364,403
10501,11/12/22,1,504,539
10501,11/13/22,2,446,482
10501,11/14/22,1,354,400
10501,11/15/22,1,444,481
10501,11/16/22,2,397,453
10501,11/17/22,1,378,427
10501,11/18/22,1,423,463
10501,11/19/22,1,578,607
10501,11/20/22,1,181,200
10501,11/22/22,1,317,363
10501,11/23/22,2,589,655
10501,11/24/22,1,62,69
10501,11/25/22,1,435,492
10501,11/27/22,1,438,464
10501,11/28/22,1,581,611
10501,11/29/22,1,532,556
10501,11/30/22,1,485,521
10501,12/2/22,1,451,506
10501,12/4/22,1,375,384
10501,12/6/22,1,481,546
10501,12/7/22,1,388,417
10501,12/8/22,1,419,477
10501,12/9/22,1,361,411
10502,10/14/22,1,293,326
10502,10/15/22,1,376,421
10502,10/16/22,2,426,477
10502,10/17/22,1,393,426
10502,10/18/22,1,462,507
10502,10/19/22,1,379,409
10502,10/20/22,1,94,114
10502,10/21/22,1,117,124
10502,10/22/22,1,417,455
10502,10/25/22,1,423,453
10502,10/26/22,1,145,161
10502,10/27/22,1,62,62
10502,10/28/22,1,196,382
10502,10/29/22,1,256,325
10502,10/30/22,2,220,443
10502,11/1/22,2,214,425
10502,11/2/22,1,61,197
10502,11/4/22,1,230,429
10502,11/5/22,1,72,129
10502,11/7/22,1,95,194
10502,11/8/22,1,94,111
10502,11/9/22,1,15,70
10502,11/11/22,2,190,478
10502,11/12/22,1,314,446
10502,11/13/22,1,285,571
10502,11/14/22,1,137,443
10502,11/15/22,1,297,523
10502,11/16/22,1,239,428
10502,11/17/22,1,194,471
10502,11/18/22,1,278,409
10502,11/19/22,1,114,320
10502,11/21/22,1,176,449
10502,11/22/22,1,22,84
10502,11/23/22,1,155,285
10502,11/24/22,1,289,571
10502,11/25/22,1,60,190
10502,11/26/22,1,289,586
10502,11/27/22,1,249,435
10502,11/28/22,1,177,444
10502,11/30/22,1,198,430
10502,12/1/22,1,24,132
10502,12/2/22,1,313,507
10502,12/3/22,1,142,320
10502,12/4/22,2,189,271
10502,12/5/22,1,214,420
10502,12/6/22,1,90,220
10502,12/7/22,1,197,372
10502,12/8/22,1,52,116
10502,12/9/22,1,26,68
10502,12/11/22,1,184,458
10503,10/14/22,1,404,423
10503,10/15/22,1,547,556
10503,10/16/22,1,536,564
10503,10/17/22,1,431,463
10503,10/18/22,1,538,555
10503,10/19/22,1,490,503
10503,10/20/22,1,526,552
10503,10/21/22,1,520,529
10503,10/22/22,1,610,618
10503,10/23/22,1,571,593
10503,10/24/22,1,463,472
10503,10/25/22,1,515,533
10503,10/26/22,1,547,556
10503,10/27/22,1,508,523
10503,10/28/22,1,500,512
10503,10/29/22,1,577,585
10503,10/30/22,1,448,454
10503,10/31/22,1,511,521
10503,11/1/22,2,468,476
10503,11/2/22,1,532,542
10503,11/3/22,1,509,520
10503,11/4/22,1,509,519
10503,11/5/22,1,468,479
10503,11/7/22,1,506,532
10503,11/8/22,1,512,531
10503,11/9/22,1,533,543
10503,11/10/22,1,531,551
10503,11/11/22,1,514,530
10503,11/12/22,1,527,535
10503,11/13/22,1,552,564
10503,11/14/22,1,524,529
10503,11/15/22,1,457,470
10503,11/16/22,1,555,561
10503,11/17/22,1,503,515
10503,11/18/22,1,486,492
10503,11/19/22,1,686,707
10503,11/20/22,1,570,587
10503,11/21/22,1,518,546
10503,11/22/22,1,498,508
10503,11/23/22,1,558,563
10503,11/24/22,1,572,581
10503,11/25/22,1,519,562
10503,11/26/22,1,555,574
10503,11/27/22,1,512,519
10503,11/28/22,1,392,414
10503,11/29/22,1,487,499
10503,11/30/22,1,511,550
10503,12/1/22,1,480,496
10503,12/2/22,1,491,520
10503,12/5/22,1,464,495
10503,12/6/22,1,506,515
10503,12/7/22,1,487,517
10503,12/8/22,1,499,531
10503,12/9/22,1,517,546
10503,12/10/22,1,560,574
10503,12/11/22,1,76,76
10503,12/12/22,1,484,518
10503,12/13/22,1,510,522
10503,12/14/22,1,536,559
10503,12/15/22,1,518,538
10503,12/16/22,1,668,721
10503,12/17/22,1,612,622
10504,10/14/22,1,379,401
10504,10/15/22,1,407,448
10504,10/16/22,2,382,430
10504,10/18/22,1,498,515
10504,10/19/22,1,429,442
10504,10/20/22,1,488,514
10504,10/21/22,1,456,468
10504,10/22/22,1,389,393
10504,10/23/22,1,398,423
10504,10/24/22,1,483,504
10504,10/25/22,1,70,71
10504,10/26/22,1,404,418
10504,10/27/22,1,397,423
10504,10/29/22,1,501,537
10504,10/30/22,1,572,603
10504,10/31/22,1,416,461
10504,11/1/22,2,520,541
10504,11/3/22,1,471,490
10504,11/4/22,1,439,473
10504,11/5/22,1,501,553
10504,11/6/22,1,364,386
10504,11/7/22,1,542,576
10504,11/9/22,1,507,529
10504,11/10/22,1,563,611
10504,11/11/22,1,518,587
10504,11/12/22,1,368,386
10504,11/13/22,2,759,831
10504,11/14/22,1,463,486
10504,11/17/22,1,494,503
10504,11/18/22,1,456,490
10504,11/19/22,2,538,567
10504,11/20/22,2,556,586
10504,11/21/22,1,457,485
10504,11/24/22,1,462,484
10504,11/25/22,1,263,274
10504,11/27/22,1,603,675
10504,11/28/22,1,374,392
10504,11/29/22,1,420,468
10504,12/1/22,1,487,516
10504,12/8/22,1,311,324
10504,12/10/22,1,402,413
10505,10/14/22,1,496,518
10505,10/15/22,2,550,553
10505,10/16/22,2,364,375
10505,10/17/22,1,477,480
10505,10/18/22,1,537,561
10505,10/19/22,1,534,536
10505,10/20/22,1,414,422
10505,10/21/22,1,472,498
10505,10/22/22,3,542,560
10505,10/23/22,1,447,454
10505,10/24/22,1,433,437
10505,10/25/22,1,476,495
10505,10/26/22,1,455,468
10505,10/27/22,1,422,428
10505,10/28/22,1,497,543
10505,10/29/22,3,641,647
10505,10/30/22,2,519,545
10505,10/31/22,2,354,373
10505,11/1/22,1,439,485
10505,11/2/22,1,347,355
10505,11/3/22,2,366,375
10505,11/4/22,2,653,697
10505,11/5/22,2,563,569
10505,11/6/22,2,330,342
10505,11/7/22,2,475,487
10505,11/8/22,1,429,433
10505,11/9/22,3,447,468
10505,11/10/22,1,298,311
10505,11/11/22,2,411,432
10505,11/12/22,2,594,613
10505,11/13/22,2,508,518
10505,11/14/22,2,302,310
10505,11/15/22,1,442,457
10505,11/16/22,1,452,493
10505,11/17/22,1,336,344
10505,11/18/22,2,332,344
10505,11/19/22,2,712,721
10505,11/20/22,2,315,319
10505,11/21/22,2,295,314
10505,11/22/22,1,532,573
10505,11/23/22,2,575,580
10505,11/24/22,2,325,326
10505,11/25/22,2,483,498
10505,11/26/22,1,493,524
10505,11/27/22,2,333,334
10505,11/28/22,2,395,397
10505,11/29/22,1,458,468
10505,11/30/22,1,483,506
10505,12/1/22,1,495,502
10505,12/2/22,1,435,441
10505,12/3/22,2,317,320
10505,12/4/22,2,347,352
10505,12/5/22,2,402,426
10505,12/6/22,1,471,501
10505,12/7/22,1,299,301
10505,12/8/22,1,413,448
10505,12/9/22,2,374,383
10505,12/10/22,2,339,343
10505,12/11/22,3,498,513
10505,12/12/22,1,372,413
10505,12/13/22,2,400,403
10505,12/14/22,1,377,423
10505,12/15/22,1,407,424
10505,12/16/22,1,432,447
10505,12/17/22,2,341,355
10505,12/18/22,3,510,531
10601,10/17/22,1,456,487
10601,10/18/22,1,157,169
10601,10/19/22,1,701,791
10601,10/20/22,1,498,538
10601,10/21/22,1,506,531
10601,10/26/22,1,445,488
10601,10/28/22,1,486,525
10601,10/29/22,1,405,416
10601,10/30/22,1,237,257
10601,11/1/22,1,324,340
10601,11/4/22,1,410,433
10601,11/5/22,1,441,476
10601,11/6/22,2,289,310
10601,11/8/22,1,403,423
10601,11/9/22,1,329,339
10601,11/10/22,1,405,427
10601,11/13/22,1,280,313
10601,11/21/22,2,343,363
10601,11/23/22,1,486,507
10602,10/17/22,1,372,409
10602,10/18/22,1,456,505
10602,10/19/22,1,407,434
10602,10/20/22,1,493,536
10602,10/21/22,1,350,372
10602,10/22/22,1,484,510
10602,10/23/22,2,335,370
10602,10/24/22,1,364,384
10602,10/25/22,2,596,654
10602,10/26/22,1,280,299
10602,10/27/22,1,453,511
10602,10/28/22,1,300,320
10602,10/29/22,1,400,426
10602,10/30/22,2,374,399
10602,10/31/22,2,375,421
10602,11/1/22,2,471,503
10602,11/2/22,1,416,445
10602,11/3/22,1,386,435
10602,11/4/22,1,408,453
10602,11/5/22,2,369,397
10602,11/6/22,1,450,508
10602,11/7/22,1,123,141
10602,11/8/22,2,354,399
10602,11/9/22,1,198,209
10602,11/10/22,2,433,468
10602,11/11/22,1,87,98
10602,11/12/22,1,421,482
10602,11/13/22,2,585,637
10602,11/14/22,2,230,243
10602,11/15/22,1,156,162
10602,11/16/22,1,78,79
10602,11/17/22,2,267,273
10602,11/18/22,1,346,382
10602,11/20/22,1,279,289
10602,11/21/22,1,464,522
10602,11/22/22,2,379,402
10602,11/23/22,1,352,385
10602,11/24/22,1,102,116
10602,11/25/22,1,208,215
10602,11/26/22,2,423,444
10602,11/27/22,2,292,301
10602,11/28/22,3,414,423
10602,11/29/22,1,188,206
10602,11/30/22,1,164,167
10602,12/14/22,1,479,528
10602,12/15/22,1,461,474
10602,12/16/22,1,431,455
10602,12/17/22,1,414,468
10602,12/18/22,1,289,305
10602,12/19/22,1,546,588
10602,12/20/22,1,430,470
10602,12/21/22,1,365,391
10602,12/22/22,3,390,403
10602,12/23/22,1,572,615
10602,12/24/22,1,278,306
10602,12/25/22,1,366,413
10602,12/26/22,2,288,309
10602,12/27/22,1,407,447
10602,12/28/22,2,440,470
10602,12/29/22,3,190,201
10602,12/30/22,2,609,682
10602,12/31/22,1,384,404
10603,10/17/22,1,347,351
10603,10/18/22,1,407,417
10603,10/19/22,1,288,292
10603,10/20/22,1,453,463
10603,10/21/22,1,527,535
10603,10/22/22,1,682,704
10603,10/23/22,2,739,753
10603,10/24/22,1,616,636
10603,10/25/22,1,422,424
10603,10/26/22,1,443,457
10603,10/27/22,1,426,438
10603,10/28/22,1,353,368
10603,10/29/22,2,817,857
10603,10/30/22,1,689,707
10603,10/31/22,1,405,408
10603,11/1/22,1,406,413
10603,11/2/22,1,540,567
10603,11/3/22,1,420,428
10603,11/4/22,1,483,495
10603,11/5/22,2,801,817
10603,11/6/22,1,499,532
10603,11/7/22,1,475,481
10603,11/8/22,1,509,524
10603,11/9/22,1,544,558
10603,11/10/22,1,491,497
10603,11/11/22,1,550,566
10603,11/12/22,4,899,937
10603,11/13/22,1,506,511
10603,11/14/22,1,459,485
10603,11/15/22,1,268,288
10603,11/16/22,1,506,525
10603,11/17/22,1,481,493
10603,11/18/22,1,482,500
10603,11/19/22,1,724,744
10603,11/20/22,2,817,853
10603,11/21/22,1,504,513
10603,11/22/22,1,629,666
10603,11/23/22,2,549,619
10603,11/24/22,1,390,408
10603,11/25/22,1,464,469
10603,11/26/22,1,474,487
10603,11/27/22,1,593,602
10603,11/28/22,1,400,408
10603,11/29/22,1,428,441
10603,11/30/22,1,456,479
10603,12/1/22,1,434,441
10603,12/2/22,2,511,522
10603,12/3/22,2,896,911
10603,12/4/22,1,508,525
10603,12/5/22,1,430,441
10603,12/6/22,3,736,746
10603,12/7/22,1,469,488
10603,12/8/22,1,474,478
10603,12/9/22,2,550,577
10603,12/10/22,1,562,568
10603,12/11/22,2,563,574
10603,12/12/22,1,479,487
10603,12/13/22,1,450,486
10604,10/20/22,1,378,402
10604,10/21/22,1,357,386
10604,10/22/22,1,483,529
10604,10/23/22,3,622,663
10604,10/24/22,1,184,198
10604,10/25/22,1,442,462
10604,10/26/22,1,394,417
10604,10/27/22,1,452,489
10604,10/28/22,1,405,428
10604,10/29/22,1,470,493
10604,10/30/22,1,289,330
10604,10/31/22,1,435,473
10604,11/2/22,1,432,466
10604,11/3/22,1,362,380
10604,11/4/22,1,86,98
10604,11/6/22,1,447,482
10604,11/7/22,1,407,439
10604,11/9/22,1,500,567
10604,11/11/22,1,236,256
10604,11/12/22,1,406,427
10604,11/15/22,1,423,448
10604,11/16/22,1,425,444
10604,11/18/22,1,406,445
10604,11/19/22,1,377,407
10604,11/20/22,1,327,348
10604,11/22/22,1,424,456
10604,11/23/22,1,483,562
10604,11/24/22,1,414,428
10604,11/25/22,1,383,406
10604,11/27/22,1,482,513
10604,11/28/22,1,429,445
10604,11/30/22,1,417,435
10604,12/1/22,1,430,451
10604,12/2/22,1,571,634
10604,12/4/22,1,106,118
10604,12/5/22,1,657,752
10604,12/7/22,1,465,481
10604,12/8/22,1,439,472
10604,12/9/22,1,415,448
10604,12/14/22,1,191,209
10604,12/15/22,1,427,473
10604,12/22/22,1,156,163
10604,12/23/22,1,119,130
10604,12/25/22,1,58,64
10604,12/28/22,1,63,71
10605,11/8/22,1,75,90
10605,11/9/22,1,62,64
10606,10/17/22,1,494,522
10606,10/18/22,1,64,64
10606,10/19/22,1,561,608
10606,10/25/22,1,445,476
10606,10/28/22,1,380,394
10606,10/29/22,1,529,601
10607,10/20/22,1,647,676
10607,10/21/22,1,322,342
10607,10/25/22,1,133,133
10607,10/27/22,1,325,329
10607,10/28/22,1,75,76
10607,10/31/22,1,324,329
10607,11/1/22,1,379,386
10607,11/6/22,1,423,433
10607,11/7/22,1,324,360
10607,11/10/22,1,266,273
10607,11/13/22,2,536,585
10607,11/17/22,1,250,260
10607,11/18/22,1,470,476
10607,11/21/22,1,378,406
10607,11/22/22,1,458,474
10607,12/5/22,1,410,416
10608,10/26/22,1,420,437
10608,10/28/22,1,442,493
10608,11/7/22,1,73,74
10608,11/8/22,1,369,415
10608,11/9/22,1,324,329
10609,10/19/22,2,405,434
10609,10/20/22,2,549,583
10609,10/21/22,2,509,558
10609,10/22/22,1,473,499
10609,10/23/22,1,405,441
10609,10/24/22,1,416,443
10609,10/25/22,2,482,528
10609,10/26/22,1,468,512
10609,10/27/22,1,414,459
10609,10/28/22,1,441,474
10609,10/29/22,2,555,593
10609,10/30/22,1,380,402
10609,10/31/22,1,374,400
10609,11/1/22,1,476,513
10609,11/2/22,1,410,446
10609,11/3/22,1,414,439
10609,11/4/22,1,385,431
10609,11/11/22,1,428,450
10609,11/12/22,2,600,639
10609,11/13/22,2,482,502
10609,11/14/22,1,379,426
10609,11/15/22,1,416,445
10609,11/16/22,1,393,426
10609,11/17/22,1,389,417
10610,10/17/22,1,450,504
10610,10/18/22,1,424,454
10610,10/19/22,1,407,444
10610,10/20/22,1,477,525
10610,10/21/22,3,766,862
10610,10/22/22,1,515,602
10610,10/23/22,1,384,430
10610,10/24/22,1,237,254
10610,10/25/22,1,297,318
10610,10/26/22,1,307,348
10610,10/27/22,1,326,347
10610,10/28/22,1,345,359
10610,10/29/22,2,791,845
10610,10/30/22,1,540,620
10610,10/31/22,1,181,192
10610,11/1/22,1,386,422
10610,11/2/22,1,364,396
10610,11/4/22,1,453,500
10610,11/5/22,2,449,495
10610,11/6/22,2,523,560
10610,11/7/22,1,354,358
10610,11/8/22,1,382,439
10610,11/9/22,1,455,482
10610,11/10/22,1,390,425
10610,11/11/22,2,569,609
10610,11/12/22,1,381,406
10610,11/13/22,1,585,659
10610,11/14/22,1,461,516
10610,11/15/22,1,413,460
10610,11/16/22,1,469,539
10610,11/18/22,2,359,374
10610,11/19/22,2,726,835
10610,11/20/22,1,245,260
10610,11/21/22,1,531,587
10610,11/22/22,1,294,328
10610,11/23/22,1,434,455
10610,11/24/22,1,511,566
10610,11/25/22,1,290,325
10610,11/26/22,1,396,424
10610,11/28/22,1,499,529
10610,11/29/22,1,500,557
10610,11/30/22,1,481,549
10610,12/1/22,2,558,607
10610,12/2/22,1,283,294
10610,12/3/22,2,488,537
10610,12/4/22,1,390,443
10610,12/5/22,1,449,479
10610,12/6/22,1,281,312
10610,12/7/22,1,284,318
10610,12/8/22,1,502,539
10610,12/9/22,2,219,228
10610,12/10/22,1,204,222
10610,12/11/22,1,310,373
10610,12/12/22,2,395,457
10610,12/13/22,1,417,477
10610,12/15/22,1,352,412
10611,10/17/22,1,497,539
10611,10/18/22,2,715,789
10611,10/19/22,2,658,712
10611,10/20/22,1,396,429
10611,10/21/22,1,443,474
10611,10/27/22,1,492,565
10611,10/29/22,1,95,108
10611,11/3/22,1,270,316
10611,11/5/22,1,471,486
10611,11/9/22,1,96,96
10611,11/12/22,1,133,136
10611,11/21/22,1,445,465
10611,11/25/22,1,163,165
10611,11/30/22,1,484,502
10611,12/2/22,1,590,630
10611,12/6/22,1,415,418
10611,12/7/22,1,87,87
10612,10/17/22,1,519,524
10612,10/18/22,1,410,424
10612,10/20/22,1,568,568
10612,10/21/22,1,423,442
10612,10/22/22,1,761,797
10612,10/23/22,1,677,701
10612,10/24/22,1,465,477
10612,10/26/22,1,424,431
10612,10/27/22,1,475,480
10612,10/28/22,1,429,429
10612,10/29/22,2,721,750
10612,11/1/22,1,482,490
10612,11/3/22,1,524,533
10612,11/5/22,1,73,84
10612,11/6/22,1,605,632
10612,11/7/22,1,541,556
10612,11/8/22,1,366,368
10612,11/9/22,1,393,396
10612,11/14/22,1,525,561
10612,11/15/22,2,608,644
10612,11/16/22,1,382,387
10612,11/17/22,1,90,98
10612,11/19/22,1,655,683
10612,11/20/22,1,609,622
10612,11/22/22,1,336,347
10612,11/24/22,2,676,687
10612,11/25/22,1,520,524
10612,11/26/22,2,783,826
10612,11/27/22,2,664,688
10612,11/28/22,1,553,565
10612,11/29/22,1,472,478
10612,12/2/22,1,477,485
10612,12/3/22,1,668,686
10612,12/4/22,1,542,548
10612,12/7/22,1,509,519
10612,12/8/22,1,383,395
10612,12/11/22,1,705,757
10612,12/12/22,2,453,472
10613,11/4/22,1,313,333
10614,10/20/22,1,353,369
10614,10/24/22,2,279,290
10614,10/25/22,2,438,461
10614,10/26/22,1,326,364
10614,10/27/22,1,481,511
10614,11/2/22,1,293,318
10614,11/3/22,1,355,395
10614,11/4/22,1,65,70
10615,10/20/22,1,393,448
10615,10/21/22,1,524,574
10615,10/22/22,1,505,544
10615,10/23/22,1,475,517
10615,10/24/22,1,497,530
10615,10/26/22,1,513,541
10615,10/27/22,1,507,554
10615,10/28/22,1,524,581
10615,10/29/22,1,601,653
10615,10/30/22,1,573,625
10615,10/31/22,1,531,582
10615,11/1/22,1,438,461
10615,11/2/22,1,488,526
10615,11/3/22,1,456,489
10615,11/4/22,1,496,525
10615,11/5/22,1,498,558
10615,11/6/22,1,423,499
10615,11/7/22,1,533,577
10615,11/8/22,1,522,550
10615,11/9/22,1,444,464
10615,11/10/22,1,479,507
10615,11/12/22,1,607,650
10615,11/13/22,1,433,503
10615,11/15/22,1,496,547
10615,11/18/22,1,475,509
10615,11/19/22,1,484,536
10615,11/20/22,1,476,537
10615,11/21/22,1,525,597
10615,11/22/22,1,398,423
10615,11/23/22,1,605,651
10615,11/24/22,1,542,605
10615,11/25/22,2,602,640
10615,11/26/22,1,677,734
10615,11/29/22,1,457,484
10615,12/1/22,1,472,502
10615,12/3/22,1,248,289
10615,12/4/22,1,577,634
10615,12/5/22,1,474,526
10615,12/6/22,1,510,564
10615,12/8/22,1,491,545
10615,12/9/22,1,518,566
10616,10/20/22,1,523,586
10616,10/21/22,1,590,665
10616,10/22/22,1,487,555
10616,10/23/22,2,540,582
10616,10/24/22,2,908,978
10616,10/25/22,1,423,470
10616,10/27/22,1,476,560
10616,11/2/22,1,208,215
10616,11/4/22,1,473,549
10616,11/5/22,2,673,753
10616,11/6/22,1,316,336
10616,11/7/22,1,435,472
10616,11/8/22,1,480,500
10616,11/9/22,1,413,462
10616,11/10/22,1,443,495
10616,11/16/22,1,181,181
10616,11/17/22,1,511,511
10616,11/18/22,1,554,636
10616,11/23/22,1,575,630
10616,11/24/22,1,100,105
10616,11/25/22,2,318,322
10701,10/25/22,2,503,571
10701,10/26/22,2,218,238
10701,10/27/22,1,304,340
10701,10/28/22,2,220,250
10701,10/29/22,1,277,311
10701,10/30/22,1,419,438
10701,10/31/22,1,127,144
10701,11/1/22,2,420,450
10701,11/2/22,1,220,243
10701,11/3/22,2,358,397
10701,11/4/22,1,136,142
10701,11/5/22,1,335,358
10701,11/6/22,1,401,419
10701,11/7/22,1,375,405
10701,11/8/22,1,194,213
10701,11/9/22,2,259,296
10701,11/10/22,2,292,326
10701,11/11/22,2,279,293
10701,11/12/22,1,295,318
10701,11/13/22,1,421,479
10701,11/14/22,1,96,107
10701,11/15/22,2,429,466
10701,11/16/22,1,266,293
10701,11/17/22,2,369,390
10701,11/18/22,3,479,522
10701,11/19/22,1,400,427
10701,11/21/22,3,257,290
10701,11/22/22,3,549,613
10701,11/23/22,2,273,298
10701,11/24/22,1,347,397
10701,11/25/22,2,253,267
10701,11/26/22,2,191,214
10701,11/27/22,1,424,474
10701,11/28/22,2,165,171
10701,11/29/22,2,455,511
10701,11/30/22,2,251,267
10701,12/1/22,1,362,424
10701,12/2/22,2,340,364
10701,12/3/22,2,223,248
10701,12/4/22,2,267,282
10701,12/5/22,1,305,327
10701,12/6/22,2,208,239
10701,12/7/22,2,183,199
10701,12/8/22,1,289,321
10701,12/10/22,1,348,402
10701,12/11/22,2,231,243
10701,12/12/22,1,267,301
10701,12/13/22,1,329,356
10701,12/14/22,1,247,260
10701,12/16/22,1,262,302
10701,12/17/22,2,336,376
10701,12/19/22,2,353,385
10701,12/20/22,2,239,263
10701,12/21/22,1,418,421
10701,12/22/22,2,348,398
10701,12/23/22,1,398,436
10702,10/25/22,1,526,559
10702,10/27/22,1,531,583
10702,10/28/22,1,502,552
10702,10/29/22,2,596,635
10702,10/30/22,1,361,381
10702,10/31/22,1,522,551
10702,11/1/22,1,515,546
10702,11/2/22,1,537,564
10702,11/3/22,1,485,512
10702,11/4/22,1,638,676
10702,11/5/22,1,654,688
10702,11/6/22,1,562,604
10702,11/7/22,1,584,613
10702,11/8/22,1,647,683
10702,11/9/22,1,496,552
10702,11/10/22,1,617,653
10702,11/11/22,1,559,570
10702,11/12/22,1,584,607
10702,11/13/22,1,593,609
10702,11/14/22,1,518,542
10702,11/15/22,1,508,546
10702,11/16/22,1,498,563
10702,11/17/22,1,524,556
10702,11/18/22,1,475,502
10702,11/19/22,1,556,566
10702,11/20/22,1,367,393
10702,11/21/22,1,631,645
10702,11/22/22,1,622,638
10702,11/23/22,2,516,538
10702,11/24/22,1,115,118
10702,11/25/22,1,437,485
10702,11/29/22,1,492,507
10702,11/30/22,1,476,511
10702,12/1/22,1,469,493
10702,12/2/22,1,485,505
10702,12/3/22,1,544,560
10702,12/4/22,1,659,700
10702,12/5/22,1,517,551
10702,12/6/22,1,505,521
10702,12/7/22,1,505,529
10702,12/8/22,1,493,528
10702,12/9/22,1,527,538
10702,12/10/22,1,527,553
10702,12/11/22,2,756,817
10702,12/12/22,1,620,735
10702,12/14/22,1,617,652
10702,12/15/22,1,563,582
10702,12/16/22,1,497,523
10702,12/17/22,1,711,769
10702,12/18/22,1,637,658
10702,12/19/22,1,554,580
10702,12/20/22,1,584,615
10703,10/22/22,1,383,398
10703,10/23/22,1,366,383
10703,10/24/22,1,465,524
10703,10/25/22,1,320,328
10703,10/26/22,1,423,438
10703,10/27/22,1,375,397
10703,10/28/22,1,467,497
10703,10/29/22,2,449,465
10703,10/30/22,2,457,502
10703,10/31/22,1,408,441
10703,11/1/22,1,368,403
10703,11/2/22,1,414,419
10703,11/3/22,1,445,469
10703,11/4/22,2,249,270
10703,11/5/22,1,610,661
10703,11/6/22,1,474,497
10703,11/7/22,1,469,493
10703,11/8/22,1,475,487
10703,11/9/22,2,419,431
10703,11/10/22,1,390,406
10703,11/11/22,1,453,464
10703,11/12/22,1,427,447
10703,11/13/22,2,579,616
10703,11/14/22,1,398,407
10703,11/15/22,1,515,540
10703,11/16/22,1,423,455
10703,11/17/22,1,476,493
10703,11/18/22,1,507,549
10703,11/19/22,1,420,444
10703,11/20/22,1,528,591
10703,11/21/22,1,518,530
10703,11/22/22,1,424,464
10703,11/23/22,1,316,336
10703,11/24/22,1,335,352
10703,11/25/22,1,410,433
10703,11/26/22,1,409,436
10703,11/27/22,1,459,499
10703,11/28/22,1,340,359
10703,11/29/22,1,399,412
10703,11/30/22,1,399,414
10703,12/1/22,1,454,462
10703,12/2/22,1,404,421
10703,12/3/22,2,501,523
10703,12/4/22,1,324,337
10703,12/5/22,1,419,437
10703,12/6/22,1,373,386
10703,12/7/22,1,372,393
10703,12/8/22,1,351,370
10703,12/9/22,1,370,380
10703,12/10/22,1,304,319
10703,12/11/22,1,371,385
10703,12/12/22,1,461,475
10703,12/13/22,1,430,438
10703,12/14/22,1,381,392
10703,12/15/22,1,427,475
10703,12/16/22,2,483,516
10703,12/17/22,2,689,767
10703,12/18/22,1,557,579
10703,12/19/22,2,672,732
10703,12/20/22,1,474,517
10703,12/21/22,1,503,509
10703,12/22/22,2,655,715
10703,12/23/22,1,633,660
10703,12/24/22,2,598,613
10703,12/25/22,1,375,413
10703,12/26/22,1,335,366
10703,12/27/22,1,551,568
10703,12/28/22,1,405,442
10703,12/29/22,1,369,395
10703,12/30/22,1,342,353
10703,12/31/22,1,508,595
10703,1/1/23,1,416,431
10703,1/2/23,1,403,443
10704,10/28/22,1,484,530
10704,10/29/22,1,490,574
10704,10/30/22,1,445,522
10704,10/31/22,1,539,577
10704,11/1/22,1,474,550
10704,11/2/22,1,442,481
10704,11/3/22,1,483,526
10704,11/4/22,1,92,95
10704,11/5/22,2,468,487
10704,11/6/22,1,363,371
10704,11/7/22,1,612,645
10704,11/8/22,1,482,509
10704,11/9/22,1,600,660
10704,11/10/22,3,646,741
10704,11/11/22,1,490,527
10704,11/13/22,1,615,644
10704,11/14/22,2,390,415
10704,11/15/22,1,718,743
10704,11/16/22,1,330,350
10704,11/17/22,1,498,558
10704,11/18/22,1,586,661
10704,11/19/22,2,499,554
10704,11/20/22,1,152,170
10704,11/22/22,1,335,361
10704,11/23/22,1,566,625
10704,11/25/22,1,58,66
10704,11/26/22,1,614,695
10704,11/27/22,1,384,426
10704,11/28/22,1,493,534
10704,11/29/22,1,156,170
10704,11/30/22,1,429,495
10704,12/1/22,1,401,443
10704,12/2/22,1,463,519
10704,12/3/22,1,626,641
10704,12/4/22,2,307,321
10704,12/7/22,3,689,750
10704,12/8/22,1,379,417
10704,12/9/22,1,528,560
10704,12/10/22,2,568,599
10704,12/12/22,1,192,200
10704,12/13/22,1,453,465
10704,12/14/22,2,428,449
10704,12/15/22,1,200,218
10704,12/16/22,1,582,624
10704,12/17/22,1,415,440
10704,12/18/22,1,575,620
10704,12/19/22,1,88,101
10704,12/20/22,1,552,605
10704,12/21/22,1,207,218
10704,12/23/22,1,409,441
10704,12/25/22,1,438,471
10704,12/26/22,1,604,693
10704,12/27/22,1,246,271
10801,11/2/22,1,438,461
10801,11/3/22,1,370,380
10801,11/4/22,1,505,535
10801,11/5/22,1,643,658
10801,11/6/22,1,540,551
10801,11/7/22,1,537,552
10801,11/8/22,1,472,499
10801,11/9/22,1,462,483
10801,11/10/22,1,431,444
10801,11/11/22,1,576,583
10801,11/12/22,1,504,514
10801,11/13/22,1,571,593
10801,11/14/22,1,479,504
10801,11/15/22,1,503,532
10801,11/16/22,1,515,540
10801,11/17/22,1,692,760
10801,11/18/22,1,530,548
10801,11/19/22,1,464,469
10801,11/20/22,1,578,587
10801,11/21/22,1,399,427
10801,11/22/22,1,526,538
10801,11/24/22,1,670,704
10801,11/25/22,1,547,559
10801,11/26/22,1,566,618
10801,11/27/22,1,506,518
10801,11/28/22,1,471,511
10801,11/29/22,1,496,526
10801,11/30/22,1,504,524
10801,12/1/22,1,500,533
10801,12/2/22,1,530,546
10801,12/3/22,1,533,559
10801,12/4/22,1,533,551
10801,12/5/22,1,442,480
10801,12/8/22,1,495,516
10801,12/9/22,1,481,511
10801,12/10/22,1,564,579
10801,12/11/22,2,572,596
10801,12/12/22,1,506,528
10801,12/13/22,1,495,522
10801,12/14/22,1,465,490
10801,12/21/22,1,459,475
10801,12/22/22,1,731,777
10801,12/23/22,1,584,608
10801,12/24/22,1,579,603
10801,12/25/22,3,783,815
10801,12/26/22,1,319,340
10801,12/27/22,1,541,563
10801,1/11/23,1,246,257
10801,1/12/23,1,464,515
10801,1/13/23,1,391,411
10801,1/14/23,1,593,605
10801,1/16/23,1,576,590
10801,1/17/23,1,479,503
10802,11/1/22,1,322,370
10802,11/2/22,1,428,472
10802,11/3/22,1,408,458
10802,11/5/22,1,345,417
10802,11/7/22,1,330,376
10802,11/8/22,2,610,693
10802,11/9/22,1,354,402
10802,11/11/22,1,437,493
10802,11/15/22,1,98,116
10802,11/16/22,1,195,234
10802,11/17/22,1,220,236
10802,11/19/22,1,442,523
10802,11/22/22,1,342,432
10802,11/29/22,1,384,438
10802,11/30/22,1,392,469
10802,12/1/22,1,309,393
10802,12/2/22,1,437,518
10803,10/20/22,1,547,586
10803,10/25/22,1,457,506
10803,10/26/22,1,514,553
10803,10/28/22,1,524,613
10803,10/29/22,1,520,563
10803,10/30/22,1,482,525
10803,11/1/22,1,452,510
10803,11/2/22,1,544,597
10803,11/3/22,1,330,374
10803,11/5/22,1,587,613
10803,11/11/22,1,500,537
10803,11/15/22,1,375,404
10803,11/16/22,1,244,269
10803,11/17/22,2,481,531
10803,11/18/22,1,498,575
10803,11/30/22,1,519,548
10804,11/2/22,1,380,409
10804,11/3/22,1,361,389
10804,11/4/22,1,430,461
10804,11/5/22,1,523,557
10804,11/6/22,1,434,459
10804,11/7/22,1,496,537
10804,11/8/22,1,447,469
10804,11/9/22,1,390,413
10804,11/10/22,1,440,457
10804,11/12/22,1,403,435
10804,11/13/22,1,555,604
10804,11/14/22,2,269,284
10804,11/15/22,1,460,487
10804,11/16/22,1,419,442
10804,11/17/22,1,273,310
10804,11/18/22,1,549,576
10804,11/19/22,1,418,455
10804,11/20/22,1,411,453
10804,11/21/22,1,418,450
10804,11/22/22,1,393,415
10804,11/23/22,1,445,476
10804,11/25/22,1,467,482
10804,11/26/22,1,344,365
10804,11/27/22,1,472,501
10804,11/28/22,1,417,441
10804,11/29/22,1,462,485
10804,11/30/22,1,366,395
10804,12/1/22,1,336,358
10804,12/2/22,1,332,347
10804,12/3/22,1,366,395
10804,12/4/22,1,369,395
10804,12/5/22,1,317,376
10804,12/6/22,1,267,282
10804,12/7/22,1,424,448
10804,12/8/22,1,412,434
10804,12/9/22,1,457,478
10804,12/10/22,1,385,411
10804,12/11/22,1,627,663
10804,12/12/22,1,428,463